id,src,title,created_at
imgf21429ed,/images/collages/imgf21429ed.jpg,imgf21429ed,2025-05-11 17:26:38.339613+00
imgf5633a0d,/images/collages/imgf5633a0d.jpg,imgf5633a0d,2025-05-11 17:26:38.339613+00
imgefd56c83,/images/collages/imgefd56c83.jpg,imgefd56c83,2025-05-11 17:26:38.339613+00
imge9e94dde,/images/collages/imge9e94dde.jpg,imge9e94dde,2025-05-11 17:26:38.339613+00
imgea1ae05b,/images/collages/imgea1ae05b.jpg,imgea1ae05b,2025-05-11 17:26:38.339613+00
imgeaf2a792,/images/collages/imgeaf2a792.jpg,imgeaf2a792,2025-05-11 17:26:38.339613+00
imge7024bea,/images/collages/imge7024bea.jpg,imge7024bea,2025-05-11 17:26:38.339613+00
imge2af7e80,/images/collages/imge2af7e80.jpg,imge2af7e80,2025-05-11 17:26:38.339613+00
img4b4cf6f5,/images/collages/img4b4cf6f5.jpg,img4b4cf6f5,2025-05-11 17:26:38.339613+00
img8eb96c74,/images/collages/img8eb96c74.jpg,img8eb96c74,2025-05-11 17:26:38.339613+00
img8ee64252,/images/collages/img8ee64252.jpg,img8ee64252,2025-05-11 17:26:38.339613+00
img15647e66,/images/collages/img15647e66.jpg,img15647e66,2025-05-11 17:26:38.339613+00
img51aa2214,/images/collages/img51aa2214.jpg,img51aa2214,2025-05-11 17:26:38.339613+00
img602f059b,/images/collages/img602f059b.jpg,img602f059b,2025-05-11 17:26:38.339613+00
imgad24dbdc,/images/collages/imgad24dbdc.jpg,imgad24dbdc,2025-05-11 17:26:38.339613+00
img06118661,/images/collages/img06118661.jpg,img06118661,2025-05-11 17:26:38.339613+00
img7816e010,/images/collages/img7816e010.jpg,img7816e010,2025-05-11 17:26:38.339613+00
img699c64e2,/images/collages/img699c64e2.jpg,img699c64e2,2025-05-11 17:26:38.339613+00
img1093203f,/images/collages/img1093203f.jpg,img1093203f,2025-05-11 17:26:38.339613+00
img7e72df44,/images/collages/img7e72df44.jpg,img7e72df44,2025-05-11 17:26:38.339613+00
img117244cf,/images/collages/img117244cf.jpg,img117244cf,2025-05-11 17:26:38.339613+00
img6d025915,/images/collages/img6d025915.jpg,img6d025915,2025-05-11 17:26:38.339613+00
img5d600cd5,/images/collages/img5d600cd5.jpg,img5d600cd5,2025-05-11 17:26:38.339613+00
img960df687,/images/collages/img960df687.jpg,img960df687,2025-05-11 17:26:38.339613+00
imge2cd501d,/images/collages/imge2cd501d.jpg,imge2cd501d,2025-05-11 17:26:38.339613+00
imgc5c3677c,/images/collages/imgc5c3677c.jpg,imgc5c3677c,2025-05-11 17:26:38.339613+00
imgd0752c19,/images/collages/imgd0752c19.jpg,imgd0752c19,2025-05-11 17:26:38.339613+00
img601a1448,/images/collages/img601a1448.jpg,img601a1448,2025-05-11 17:26:38.339613+00
img47d5870f,/images/collages/img47d5870f.jpg,img47d5870f,2025-05-11 17:26:38.339613+00
imgd54c212e,/images/collages/imgd54c212e.jpg,imgd54c212e,2025-05-11 17:26:38.339613+00
img0736096b,/images/collages/img0736096b.jpg,img0736096b,2025-05-11 17:26:38.339613+00
img560a3181,/images/collages/img560a3181.jpg,img560a3181,2025-05-11 17:26:38.339613+00
img9eccff51,/images/collages/img9eccff51.jpg,img9eccff51,2025-05-11 17:26:38.339613+00
img445392b9,/images/collages/img445392b9.jpg,img445392b9,2025-05-11 17:26:38.339613+00
img7ab47798,/images/collages/img7ab47798.jpg,img7ab47798,2025-05-11 17:26:38.339613+00
img6fb54897,/images/collages/img6fb54897.jpg,img6fb54897,2025-05-11 17:26:38.339613+00
img18557abf,/images/collages/img18557abf.jpg,img18557abf,2025-05-11 17:26:38.339613+00
img767de139,/images/collages/img767de139.jpg,img767de139,2025-05-11 17:26:38.339613+00
imgcf09cb84,/images/collages/imgcf09cb84.jpg,imgcf09cb84,2025-05-11 17:26:38.339613+00
img369d7941,/images/collages/img369d7941.jpg,img369d7941,2025-05-11 17:26:38.339613+00
img912e9482,/images/collages/img912e9482.jpg,img912e9482,2025-05-11 17:26:38.339613+00
img98722f83,/images/collages/img98722f83.jpg,img98722f83,2025-05-11 17:26:38.339613+00
img5c5fd8ff,/images/collages/img5c5fd8ff.jpg,img5c5fd8ff,2025-05-11 17:26:38.339613+00
imgd9d60ab4,/images/collages/imgd9d60ab4.jpg,imgd9d60ab4,2025-05-11 17:26:38.339613+00
img07c9e8a8,/images/collages/img07c9e8a8.jpg,img07c9e8a8,2025-05-11 17:26:38.339613+00
img24209f9f,/images/collages/img24209f9f.jpg,img24209f9f,2025-05-11 17:26:38.339613+00
img8e779d7d,/images/collages/img8e779d7d.jpg,img8e779d7d,2025-05-11 17:26:38.339613+00
imgbe47894a,/images/collages/imgbe47894a.jpg,imgbe47894a,2025-05-11 17:26:38.339613+00
img1208ba0c,/images/collages/img1208ba0c.jpg,img1208ba0c,2025-05-11 17:26:38.339613+00
img8ba111c1,/images/collages/img8ba111c1.jpg,img8ba111c1,2025-05-11 17:26:38.339613+00
img00b40e5e,/images/collages/img00b40e5e.jpg,img00b40e5e,2025-05-11 17:26:38.339613+00
img5c22e445,/images/collages/img5c22e445.jpg,img5c22e445,2025-05-11 17:26:38.339613+00
imgcd639034,/images/collages/imgcd639034.jpg,imgcd639034,2025-05-11 17:26:38.339613+00
img0ae2e9c2,/images/collages/img0ae2e9c2.jpg,img0ae2e9c2,2025-05-11 17:26:38.339613+00
imgb76a5e56,/images/collages/imgb76a5e56.jpg,imgb76a5e56,2025-05-11 17:26:38.339613+00
img228a3285,/images/collages/img228a3285.jpg,img228a3285,2025-05-11 17:26:38.339613+00
img1ee2f36d,/images/collages/img1ee2f36d.jpg,img1ee2f36d,2025-05-11 17:26:38.339613+00
img821478bf,/images/collages/img821478bf.jpg,img821478bf,2025-05-11 17:26:38.339613+00
img4a31eee2,/images/collages/img4a31eee2.jpg,img4a31eee2,2025-05-11 17:26:38.339613+00
img3cefa2f5,/images/collages/img3cefa2f5.jpg,img3cefa2f5,2025-05-11 17:26:38.339613+00
img9b4d2f13,/images/collages/img9b4d2f13.jpg,img9b4d2f13,2025-05-11 17:26:38.339613+00
img6dafa53b,/images/collages/img6dafa53b.jpg,img6dafa53b,2025-05-11 17:26:38.339613+00
img21d91b65,/images/collages/img21d91b65.jpg,img21d91b65,2025-05-11 17:26:38.339613+00
img57ab9a8e,/images/collages/img57ab9a8e.jpg,img57ab9a8e,2025-05-11 17:26:38.339613+00
img646bb3d4,/images/collages/img646bb3d4.jpg,img646bb3d4,2025-05-11 17:26:38.339613+00
img6c5fe4d5,/images/collages/img6c5fe4d5.jpg,img6c5fe4d5,2025-05-11 17:26:38.339613+00
img564e6aee,/images/collages/img564e6aee.jpg,img564e6aee,2025-05-11 17:26:38.339613+00
img146a3ebd,/images/collages/img146a3ebd.jpg,img146a3ebd,2025-05-11 17:26:38.339613+00
img061a6820,/images/collages/img061a6820.jpg,img061a6820,2025-05-11 17:26:38.339613+00
img92d0682a,/images/collages/img92d0682a.jpg,img92d0682a,2025-05-11 17:26:38.339613+00
img4c37deaf,/images/collages/img4c37deaf.jpg,img4c37deaf,2025-05-11 17:26:38.339613+00
img1abab9e4,/images/collages/img1abab9e4.jpg,img1abab9e4,2025-05-11 17:26:38.339613+00
img7d4ac192,/images/collages/img7d4ac192.jpg,img7d4ac192,2025-05-11 17:26:38.339613+00
imgc75d54f1,/images/collages/imgc75d54f1.jpg,imgc75d54f1,2025-05-11 17:26:38.339613+00
img0741bf63,/images/collages/img0741bf63.jpg,img0741bf63,2025-05-11 17:26:38.339613+00
imgb7ce676d,/images/collages/imgb7ce676d.jpg,imgb7ce676d,2025-05-11 17:26:38.339613+00
img882dfbaa,/images/collages/img882dfbaa.jpg,img882dfbaa,2025-05-11 17:26:38.339613+00
img19043439,/images/collages/img19043439.jpg,img19043439,2025-05-11 17:26:38.339613+00
imga5509b1d,/images/collages/imga5509b1d.jpg,imga5509b1d,2025-05-11 17:26:38.339613+00
img9f8e09bb,/images/collages/img9f8e09bb.jpg,img9f8e09bb,2025-05-11 17:26:38.339613+00
img3e88d977,/images/collages/img3e88d977.jpg,img3e88d977,2025-05-11 17:26:38.339613+00
imgdb45e7f2,/images/collages/imgdb45e7f2.jpg,imgdb45e7f2,2025-05-11 17:26:38.339613+00
imgb89940e8,/images/collages/imgb89940e8.jpg,imgb89940e8,2025-05-11 17:26:38.339613+00
img066213af,/images/collages/img066213af.jpg,img066213af,2025-05-11 17:26:38.339613+00
imga5a98d67,/images/collages/imga5a98d67.jpg,imga5a98d67,2025-05-11 17:26:38.339613+00
imgaa49a11f,/images/collages/imgaa49a11f.jpg,imgaa49a11f,2025-05-11 17:26:38.339613+00
imgab94f3dc,/images/collages/imgab94f3dc.jpg,imgab94f3dc,2025-05-11 17:26:38.339613+00
imgad3e55ba,/images/collages/imgad3e55ba.jpg,imgad3e55ba,2025-05-11 17:26:38.339613+00
imgafa3b182,/images/collages/imgafa3b182.jpg,imgafa3b182,2025-05-11 17:26:38.339613+00
imgb4c74cc4,/images/collages/imgb4c74cc4.jpg,imgb4c74cc4,2025-05-11 17:26:38.339613+00
imgb5d6a8d0,/images/collages/imgb5d6a8d0.jpg,imgb5d6a8d0,2025-05-11 17:26:38.339613+00
imgb9a2956f,/images/collages/imgb9a2956f.jpg,imgb9a2956f,2025-05-11 17:26:38.339613+00
imgba5b75d0,/images/collages/imgba5b75d0.jpg,imgba5b75d0,2025-05-11 17:26:38.339613+00
imgbb5abb45,/images/collages/imgbb5abb45.jpg,imgbb5abb45,2025-05-11 17:26:38.339613+00
imgc1ccc17a,/images/collages/imgc1ccc17a.jpg,imgc1ccc17a,2025-05-11 17:26:38.339613+00
imgc418147e,/images/collages/imgc418147e.jpg,imgc418147e,2025-05-11 17:26:38.339613+00
imgc48c2b15,/images/collages/imgc48c2b15.jpg,imgc48c2b15,2025-05-11 17:26:38.339613+00
imgc7839936,/images/collages/imgc7839936.jpg,imgc7839936,2025-05-11 17:26:38.339613+00
imgdc15cf77,/images/collages/imgdc15cf77.jpg,imgdc15cf77,2025-05-11 17:26:38.339613+00
imgca22d12a,/images/collages/imgca22d12a.jpg,imgca22d12a,2025-05-11 17:26:38.339613+00
img43c3f7ca,/images/collages/img43c3f7ca.jpg,img43c3f7ca,2025-05-11 17:26:38.339613+00
imgcc4e7be4,/images/collages/imgcc4e7be4.jpg,imgcc4e7be4,2025-05-11 17:26:38.339613+00
imgc8826142,/images/collages/imgc8826142.jpg,imgc8826142,2025-05-11 17:26:38.339613+00
imgcddbbb9d,/images/collages/imgcddbbb9d.jpg,imgcddbbb9d,2025-05-11 17:26:38.339613+00
imgceaa936a,/images/collages/imgceaa936a.jpg,imgceaa936a,2025-05-11 17:26:38.339613+00
img9e5be7a7,/images/collages/img9e5be7a7.jpg,img9e5be7a7,2025-05-11 17:26:38.339613+00
img362d07d3,/images/collages/img362d07d3.jpg,img362d07d3,2025-05-11 17:26:38.339613+00
img43946c55,/images/collages/img43946c55.jpg,img43946c55,2025-05-11 17:26:38.339613+00
img399259c8,/images/collages/img399259c8.jpg,img399259c8,2025-05-11 17:26:38.339613+00
img77a6ca84,/images/collages/img77a6ca84.jpg,img77a6ca84,2025-05-11 17:26:38.339613+00
img2c22ca6b,/images/collages/img2c22ca6b.jpg,img2c22ca6b,2025-05-11 17:26:38.339613+00
img2a3c9a42,/images/collages/img2a3c9a42.jpg,img2a3c9a42,2025-05-11 17:26:38.339613+00
img340c5285,/images/collages/img340c5285.jpg,img340c5285,2025-05-11 17:26:38.339613+00
img40b5c323,/images/collages/img40b5c323.jpg,img40b5c323,2025-05-11 17:26:38.339613+00
imga13399f4,/images/collages/imga13399f4.jpg,imga13399f4,2025-05-11 17:26:38.339613+00
imgfa93fdc7,/images/collages/imgfa93fdc7.jpg,imgfa93fdc7,2025-05-11 17:26:38.339613+00
imgdc3c0299,/images/collages/imgdc3c0299.jpg,imgdc3c0299,2025-05-11 17:26:38.339613+00
imgdc6e0068,/images/collages/imgdc6e0068.jpg,imgdc6e0068,2025-05-11 17:26:38.339613+00
imgdd67f109,/images/collages/imgdd67f109.jpg,imgdd67f109,2025-05-11 17:26:38.339613+00
imgdd9fa496,/images/collages/imgdd9fa496.jpg,imgdd9fa496,2025-05-11 17:26:38.339613+00
imgdf28901d,/images/collages/imgdf28901d.jpg,imgdf28901d,2025-05-11 17:26:38.339613+00
imge1810230,/images/collages/imge1810230.jpg,imge1810230,2025-05-11 17:26:38.339613+00
imge1cdb50d,/images/collages/imge1cdb50d.jpg,imge1cdb50d,2025-05-11 17:26:38.339613+00
imge2f14431,/images/collages/imge2f14431.jpg,imge2f14431,2025-05-11 17:26:38.339613+00
imge386a804,/images/collages/imge386a804.jpg,imge386a804,2025-05-11 17:26:38.339613+00
imgeafcfde7,/images/collages/imgeafcfde7.jpg,imgeafcfde7,2025-05-11 17:26:38.339613+00
imgf09e3117,/images/collages/imgf09e3117.jpg,imgf09e3117,2025-05-11 17:26:38.339613+00
imgf48d1413,/images/collages/imgf48d1413.jpg,imgf48d1413,2025-05-11 17:26:38.339613+00
imgf5b459b6,/images/collages/imgf5b459b6.jpg,imgf5b459b6,2025-05-11 17:26:38.339613+00
imgf57e8bfb,/images/collages/imgf57e8bfb.jpg,imgf57e8bfb,2025-05-11 17:26:38.339613+00
imgf587cb5a,/images/collages/imgf587cb5a.jpg,imgf587cb5a,2025-05-11 17:26:38.339613+00
img5acc9ae5,/images/collages/img5acc9ae5.jpg,img5acc9ae5,2025-05-11 17:26:38.339613+00
img5cd0871e,/images/collages/img5cd0871e.jpg,img5cd0871e,2025-05-11 17:26:38.339613+00
img7fe06670,/images/collages/img7fe06670.jpg,img7fe06670,2025-05-11 17:26:38.339613+00
img81b3cdfd,/images/collages/img81b3cdfd.jpg,img81b3cdfd,2025-05-11 17:26:38.339613+00
img8185ad86,/images/collages/img8185ad86.jpg,img8185ad86,2025-05-11 17:26:38.339613+00
img45bf38d0,/images/collages/img45bf38d0.jpg,img45bf38d0,2025-05-11 17:26:38.339613+00
img071765f6,/images/collages/img071765f6.jpg,img071765f6,2025-05-11 17:26:38.339613+00
img07053e5e,/images/collages/img07053e5e.jpg,img07053e5e,2025-05-11 17:26:38.339613+00
img1bdb3977,/images/collages/img1bdb3977.jpg,img1bdb3977,2025-05-11 17:26:38.339613+00
img8e163d31,/images/collages/img8e163d31.jpg,img8e163d31,2025-05-11 17:26:38.339613+00
img74469856,/images/collages/img74469856.jpg,img74469856,2025-05-11 17:26:38.339613+00
img8112192a,/images/collages/img8112192a.jpg,img8112192a,2025-05-11 17:26:38.339613+00
img28544c87,/images/collages/img28544c87.jpg,img28544c87,2025-05-11 17:26:38.339613+00
img79690c81,/images/collages/img79690c81.jpg,img79690c81,2025-05-11 17:26:38.339613+00
img30e8b385,/images/collages/img30e8b385.jpg,img30e8b385,2025-05-11 17:26:38.339613+00
img0ff06620,/images/collages/img0ff06620.jpg,img0ff06620,2025-05-11 17:26:38.339613+00
img02d03d82,/images/collages/img02d03d82.jpg,img02d03d82,2025-05-11 17:26:38.339613+00
img577bb1d4,/images/collages/img577bb1d4.jpg,img577bb1d4,2025-05-11 17:26:38.339613+00
img07dfb9ed,/images/collages/img07dfb9ed.jpg,img07dfb9ed,2025-05-11 17:26:38.339613+00
img08a039e3,/images/collages/img08a039e3.jpg,img08a039e3,2025-05-11 17:26:38.339613+00
img08be4086,/images/collages/img08be4086.jpg,img08be4086,2025-05-11 17:26:38.339613+00
img09297d25,/images/collages/img09297d25.jpg,img09297d25,2025-05-11 17:26:38.339613+00
img0b044b09,/images/collages/img0b044b09.jpg,img0b044b09,2025-05-11 17:26:38.339613+00
img0c2a119d,/images/collages/img0c2a119d.jpg,img0c2a119d,2025-05-11 17:26:38.339613+00
img0d0ee5d4,/images/collages/img0d0ee5d4.jpg,img0d0ee5d4,2025-05-11 17:26:38.339613+00
img0de60213,/images/collages/img0de60213.jpg,img0de60213,2025-05-11 17:26:38.339613+00
img10b1ba17,/images/collages/img10b1ba17.jpg,img10b1ba17,2025-05-11 17:26:38.339613+00
img11490f26,/images/collages/img11490f26.jpg,img11490f26,2025-05-11 17:26:38.339613+00
img11ebd172,/images/collages/img11ebd172.jpg,img11ebd172,2025-05-11 17:26:38.339613+00
img1247d3ce,/images/collages/img1247d3ce.jpg,img1247d3ce,2025-05-11 17:26:38.339613+00
img138fd86b,/images/collages/img138fd86b.jpg,img138fd86b,2025-05-11 17:26:38.339613+00
img165b3834,/images/collages/img165b3834.jpg,img165b3834,2025-05-11 17:26:38.339613+00
img1830d5d7,/images/collages/img1830d5d7.jpg,img1830d5d7,2025-05-11 17:26:38.339613+00
img1dd00e81,/images/collages/img1dd00e81.jpg,img1dd00e81,2025-05-11 17:26:38.339613+00
img1ddf0823,/images/collages/img1ddf0823.jpg,img1ddf0823,2025-05-11 17:26:38.339613+00
img20fe17cd,/images/collages/img20fe17cd.jpg,img20fe17cd,2025-05-11 17:26:38.339613+00
img22084542,/images/collages/img22084542.jpg,img22084542,2025-05-11 17:26:38.339613+00
img27e3fe6a,/images/collages/img27e3fe6a.jpg,img27e3fe6a,2025-05-11 17:26:38.339613+00
img2a4a360a,/images/collages/img2a4a360a.jpg,img2a4a360a,2025-05-11 17:26:38.339613+00
img2e51b132,/images/collages/img2e51b132.jpg,img2e51b132,2025-05-11 17:26:38.339613+00
img40405bd0,/images/collages/img40405bd0.jpg,img40405bd0,2025-05-11 17:26:38.339613+00
img36d838d6,/images/collages/img36d838d6.jpg,img36d838d6,2025-05-11 17:26:38.339613+00
img40f7c489,/images/collages/img40f7c489.jpg,img40f7c489,2025-05-11 17:26:38.339613+00
img425b8252,/images/collages/img425b8252.jpg,img425b8252,2025-05-11 17:26:38.339613+00
img43f48db2,/images/collages/img43f48db2.jpg,img43f48db2,2025-05-11 17:26:38.339613+00
img45716dd1,/images/collages/img45716dd1.jpg,img45716dd1,2025-05-11 17:26:38.339613+00
img4cb0049f,/images/collages/img4cb0049f.jpg,img4cb0049f,2025-05-11 17:26:38.339613+00
img4d0aea0a,/images/collages/img4d0aea0a.jpg,img4d0aea0a,2025-05-11 17:26:38.339613+00
img505b2abf,/images/collages/img505b2abf.jpg,img505b2abf,2025-05-11 17:26:38.339613+00
img525121ae,/images/collages/img525121ae.jpg,img525121ae,2025-05-11 17:26:38.339613+00
img5407acbd,/images/collages/img5407acbd.jpg,img5407acbd,2025-05-11 17:26:38.339613+00
img54713302,/images/collages/img54713302.jpg,img54713302,2025-05-11 17:26:38.339613+00
img59f843be,/images/collages/img59f843be.jpg,img59f843be,2025-05-11 17:26:38.339613+00
img5ef277bd,/images/collages/img5ef277bd.jpg,img5ef277bd,2025-05-11 17:26:38.339613+00
img61d02b2f,/images/collages/img61d02b2f.jpg,img61d02b2f,2025-05-11 17:26:38.339613+00
img61d409fa,/images/collages/img61d409fa.jpg,img61d409fa,2025-05-11 17:26:38.339613+00
img643b9dac,/images/collages/img643b9dac.jpg,img643b9dac,2025-05-11 17:26:38.339613+00
img65c67d01,/images/collages/img65c67d01.jpg,img65c67d01,2025-05-11 17:26:38.339613+00
img6e0ff79d,/images/collages/img6e0ff79d.jpg,img6e0ff79d,2025-05-11 17:26:38.339613+00
img73f6f177,/images/collages/img73f6f177.jpg,img73f6f177,2025-05-11 17:26:38.339613+00
img76e373e0,/images/collages/img76e373e0.jpg,img76e373e0,2025-05-11 17:26:38.339613+00
img7d695a38,/images/collages/img7d695a38.jpg,img7d695a38,2025-05-11 17:26:38.339613+00
img7e6bf6f9,/images/collages/img7e6bf6f9.jpg,img7e6bf6f9,2025-05-11 17:26:38.339613+00
img5a31df3b,/images/collages/img5a31df3b.jpg,img5a31df3b,2025-05-11 17:26:38.339613+00
img7f9b117a,/images/collages/img7f9b117a.jpg,img7f9b117a,2025-05-11 17:26:38.339613+00
img80e05dd0,/images/collages/img80e05dd0.jpg,img80e05dd0,2025-05-11 17:26:38.339613+00
img8247fc6a,/images/collages/img8247fc6a.jpg,img8247fc6a,2025-05-11 17:26:38.339613+00
img8304a875,/images/collages/img8304a875.jpg,img8304a875,2025-05-11 17:26:38.339613+00
img8a5ced78,/images/collages/img8a5ced78.jpg,img8a5ced78,2025-05-11 17:26:38.339613+00
img8a5ff791,/images/collages/img8a5ff791.jpg,img8a5ff791,2025-05-11 17:26:38.339613+00
img9075e044,/images/collages/img9075e044.jpg,img9075e044,2025-05-11 17:26:38.339613+00
img90bc2c58,/images/collages/img90bc2c58.jpg,img90bc2c58,2025-05-11 17:26:38.339613+00
img91ef9c84,/images/collages/img91ef9c84.jpg,img91ef9c84,2025-05-11 17:26:38.339613+00
img925da56d,/images/collages/img925da56d.jpg,img925da56d,2025-05-11 17:26:38.339613+00
img9355fed8,/images/collages/img9355fed8.jpg,img9355fed8,2025-05-11 17:26:38.339613+00
img94d629b7,/images/collages/img94d629b7.jpg,img94d629b7,2025-05-11 17:26:38.339613+00
img95a1d81a,/images/collages/img95a1d81a.jpg,img95a1d81a,2025-05-11 17:26:38.339613+00
img98dbb6e2,/images/collages/img98dbb6e2.jpg,img98dbb6e2,2025-05-11 17:26:38.339613+00
img9ae9573c,/images/collages/img9ae9573c.jpg,img9ae9573c,2025-05-11 17:26:38.339613+00
img9b1d2ab0,/images/collages/img9b1d2ab0.jpg,img9b1d2ab0,2025-05-11 17:26:38.339613+00
img9c844844,/images/collages/img9c844844.jpg,img9c844844,2025-05-11 17:26:38.339613+00
img9d828663,/images/collages/img9d828663.jpg,img9d828663,2025-05-11 17:26:38.339613+00
imga4f9e712,/images/collages/imga4f9e712.jpg,imga4f9e712,2025-05-11 17:26:38.339613+00
img9e26f6ff,/images/collages/img9e26f6ff.jpg,img9e26f6ff,2025-05-11 17:26:38.339613+00
img7689fc70,/images/collages/img7689fc70.jpg,img7689fc70,2025-05-11 17:26:38.339613+00
imgf1288538,/images/collages/imgf1288538.jpg,imgf1288538,2025-05-11 17:26:38.339613+00
imgd5d61aae,/images/collages/imgd5d61aae.jpg,imgd5d61aae,2025-05-11 17:26:38.339613+00
img006ca775,/images/collages/img006ca775.jpg,img006ca775,2025-05-11 17:26:38.339613+00
img20518e04,/images/collages/img20518e04.jpg,img20518e04,2025-05-11 17:26:38.339613+00
imgb41b393b,/images/collages/imgb41b393b.jpg,imgb41b393b,2025-05-11 17:26:38.339613+00
img007d4097,/images/collages/img007d4097.jpg,img007d4097,2025-05-11 17:26:38.339613+00
img042cffa2,/images/collages/img042cffa2.jpg,img042cffa2,2025-05-11 17:26:38.339613+00
img982016de,/images/collages/img982016de.jpg,img982016de,2025-05-11 17:26:38.339613+00
img89440294,/images/collages/img89440294.jpg,img89440294,2025-05-11 17:26:38.339613+00
imgb90420c5,/images/collages/imgb90420c5.jpg,imgb90420c5,2025-05-11 17:26:38.339613+00
imgc26dbd57,/images/collages/imgc26dbd57.jpg,imgc26dbd57,2025-05-11 17:26:38.339613+00
img2a9a3b8d,/images/collages/img2a9a3b8d.jpg,img2a9a3b8d,2025-05-11 17:26:38.339613+00
imgd0166e4a,/images/collages/imgd0166e4a.jpg,imgd0166e4a,2025-05-11 17:26:38.339613+00
img29d9bb5d,/images/collages/img29d9bb5d.jpg,img29d9bb5d,2025-05-11 17:26:38.339613+00
imgf473a255,/images/collages/imgf473a255.jpg,imgf473a255,2025-05-11 17:26:38.339613+00
img051047a3,/images/collages/img051047a3.jpg,img051047a3,2025-05-11 17:26:38.339613+00
img11e31da4,/images/collages/img11e31da4.jpg,img11e31da4,2025-05-11 17:26:38.339613+00
imged825281,/images/collages/imged825281.jpg,imged825281,2025-05-11 17:26:38.339613+00
img618c8975,/images/collages/img618c8975.jpg,img618c8975,2025-05-11 17:26:38.339613+00
img0c86258b,/images/collages/img0c86258b.jpg,img0c86258b,2025-05-11 17:26:38.339613+00
imgd8d14fad,/images/collages/imgd8d14fad.jpg,imgd8d14fad,2025-05-11 17:26:38.339613+00
imgf80fd84e,/images/collages/imgf80fd84e.jpg,imgf80fd84e,2025-05-11 17:26:38.339613+00
img08ba7c2a,/images/collages/img08ba7c2a.jpg,img08ba7c2a,2025-05-11 17:26:38.339613+00
img67d8c2a5,/images/collages/img67d8c2a5.jpg,img67d8c2a5,2025-05-11 17:26:38.339613+00
img48d8e868,/images/collages/img48d8e868.jpg,img48d8e868,2025-05-11 17:26:38.339613+00
img8dd41d35,/images/collages/img8dd41d35.jpg,img8dd41d35,2025-05-11 17:26:38.339613+00
imgd9939f37,/images/collages/imgd9939f37.jpg,imgd9939f37,2025-05-11 17:26:38.339613+00
img8e313b0b,/images/collages/img8e313b0b.jpg,img8e313b0b,2025-05-11 17:26:38.339613+00
imgbb8ce252,/images/collages/imgbb8ce252.jpg,imgbb8ce252,2025-05-11 17:26:38.339613+00
imgaf03a47b,/images/collages/imgaf03a47b.jpg,imgaf03a47b,2025-05-11 17:26:38.339613+00
img69bdaf84,/images/collages/img69bdaf84.jpg,img69bdaf84,2025-05-11 17:26:38.339613+00
img219b09a9,/images/collages/img219b09a9.jpg,img219b09a9,2025-05-11 17:26:38.339613+00
imgde613dce,/images/collages/imgde613dce.jpg,imgde613dce,2025-05-11 17:26:38.339613+00
imgb7d2dcf5,/images/collages/imgb7d2dcf5.jpg,imgb7d2dcf5,2025-05-11 17:26:38.339613+00
img435e77d5,/images/collages/img435e77d5.jpg,img435e77d5,2025-05-11 17:26:38.339613+00
img871f55f9,/images/collages/img871f55f9.jpg,img871f55f9,2025-05-11 17:26:38.339613+00
imgf4ca51d8,/images/collages/imgf4ca51d8.jpg,imgf4ca51d8,2025-05-11 17:26:38.339613+00
imgd2975ade,/images/collages/imgd2975ade.jpg,imgd2975ade,2025-05-11 17:26:38.339613+00
img025e3e54,/images/collages/img025e3e54.jpg,img025e3e54,2025-05-11 17:26:38.339613+00
imgf35717ea,/images/collages/imgf35717ea.jpg,imgf35717ea,2025-05-11 17:26:38.339613+00
imgb3b82d96,/images/collages/imgb3b82d96.jpg,imgb3b82d96,2025-05-11 17:26:38.339613+00
img89ae1cb5,/images/collages/img89ae1cb5.jpg,img89ae1cb5,2025-05-11 17:26:38.339613+00
img3da55198,/images/collages/img3da55198.jpg,img3da55198,2025-05-11 17:26:38.339613+00
img310f4fbc,/images/collages/img310f4fbc.jpg,img310f4fbc,2025-05-11 17:26:38.339613+00
img73c285c6,/images/collages/img73c285c6.jpg,img73c285c6,2025-05-11 17:26:38.339613+00
img14837454,/images/collages/img14837454.jpg,img14837454,2025-05-11 17:26:38.339613+00
imgfffd72f0,/images/collages/imgfffd72f0.jpg,imgfffd72f0,2025-05-11 17:26:38.339613+00
img5e82cc30,/images/collages/img5e82cc30.jpg,img5e82cc30,2025-05-11 17:26:38.339613+00
imga3b138cf,/images/collages/imga3b138cf.jpg,imga3b138cf,2025-05-11 17:26:38.339613+00
img1c48439b,/images/collages/img1c48439b.jpg,img1c48439b,2025-05-11 17:26:38.339613+00
img7a05b9d0,/images/collages/img7a05b9d0.jpg,img7a05b9d0,2025-05-11 17:26:38.339613+00
imgf4aaa0b0,/images/collages/imgf4aaa0b0.jpg,imgf4aaa0b0,2025-05-11 17:26:38.339613+00
img24fb1269,/images/collages/img24fb1269.jpg,img24fb1269,2025-05-11 17:26:38.339613+00
imgfb3af322,/images/collages/imgfb3af322.jpg,imgfb3af322,2025-05-11 17:26:38.339613+00
img45ba4d6a,/images/collages/img45ba4d6a.jpg,img45ba4d6a,2025-05-11 17:26:38.339613+00
imgc3a71161,/images/collages/imgc3a71161.jpg,imgc3a71161,2025-05-11 17:26:38.339613+00
img56e0988d,/images/collages/img56e0988d.jpg,img56e0988d,2025-05-11 17:26:38.339613+00
img5a33430a,/images/collages/img5a33430a.jpg,img5a33430a,2025-05-11 17:26:38.339613+00
imgdbb8cc92,/images/collages/imgdbb8cc92.jpg,imgdbb8cc92,2025-05-11 17:26:38.339613+00
img410d77b4,/images/collages/img410d77b4.jpg,img410d77b4,2025-05-11 17:26:38.339613+00
imgea417d2f,/images/collages/imgea417d2f.jpg,imgea417d2f,2025-05-11 17:26:38.339613+00
imga7e700b0,/images/collages/imga7e700b0.jpg,imga7e700b0,2025-05-11 17:26:38.339613+00
imgd21fef89,/images/collages/imgd21fef89.jpg,imgd21fef89,2025-05-11 17:26:38.339613+00
imgf944368f,/images/collages/imgf944368f.jpg,imgf944368f,2025-05-11 17:26:38.339613+00
imgbe6a4eed,/images/collages/imgbe6a4eed.jpg,imgbe6a4eed,2025-05-11 17:26:38.339613+00
imga05ebf10,/images/collages/imga05ebf10.jpg,imga05ebf10,2025-05-11 17:26:38.339613+00
img90e51067,/images/collages/img90e51067.jpg,img90e51067,2025-05-11 17:26:38.339613+00
img3f538225,/images/collages/img3f538225.jpg,img3f538225,2025-05-11 17:26:38.339613+00
img865be7a6,/images/collages/img865be7a6.jpg,img865be7a6,2025-05-11 17:26:38.339613+00
img14467ab8,/images/collages/img14467ab8.jpg,img14467ab8,2025-05-11 17:26:38.339613+00
img578690d9,/images/collages/img578690d9.jpg,img578690d9,2025-05-11 17:26:38.339613+00
imga0e25c68,/images/collages/imga0e25c68.jpg,imga0e25c68,2025-05-11 17:26:38.339613+00
img54df4e3f,/images/collages/img54df4e3f.jpg,img54df4e3f,2025-05-11 17:26:38.339613+00
imgaf944f10,/images/collages/imgaf944f10.jpg,imgaf944f10,2025-05-11 17:26:38.339613+00
img98be0e7c,/images/collages/img98be0e7c.jpg,img98be0e7c,2025-05-11 17:26:38.339613+00
imge9b0f28c,/images/collages/imge9b0f28c.jpg,imge9b0f28c,2025-05-11 17:26:38.339613+00
img24cdc170,/images/collages/img24cdc170.jpg,img24cdc170,2025-05-11 17:26:38.339613+00
imgb25f761d,/images/collages/imgb25f761d.jpg,imgb25f761d,2025-05-11 17:26:38.339613+00
img0eb0fa12,/images/collages/img0eb0fa12.jpg,img0eb0fa12,2025-05-11 17:26:38.339613+00
imgffbc438c,/images/collages/imgffbc438c.jpg,imgffbc438c,2025-05-11 17:26:38.339613+00
img01c8612c,/images/collages/img01c8612c.jpg,img01c8612c,2025-05-11 17:26:38.339613+00
imgef2a507a,/images/collages/imgef2a507a.jpg,imgef2a507a,2025-05-11 17:26:38.339613+00
img02cb3331,/images/collages/img02cb3331.jpg,img02cb3331,2025-05-11 17:26:38.339613+00
imgd74984ad,/images/collages/imgd74984ad.jpg,imgd74984ad,2025-05-11 17:26:38.339613+00
img6c1ab4f1,/images/collages/img6c1ab4f1.jpg,img6c1ab4f1,2025-05-11 17:26:38.339613+00
img92edcd7a,/images/collages/img92edcd7a.jpg,img92edcd7a,2025-05-11 17:26:38.339613+00
imga129f4ea,/images/collages/imga129f4ea.jpg,imga129f4ea,2025-05-11 17:26:38.339613+00
imgc87d22ef,/images/collages/imgc87d22ef.jpg,imgc87d22ef,2025-05-11 17:26:38.339613+00
imgb351076c,/images/collages/imgb351076c.jpg,imgb351076c,2025-05-11 17:26:38.339613+00
img6bd58bcb,/images/collages/img6bd58bcb.jpg,img6bd58bcb,2025-05-11 17:26:38.339613+00
img662d4572,/images/collages/img662d4572.jpg,img662d4572,2025-05-11 17:26:38.339613+00
imge886d3e0,/images/collages/imge886d3e0.jpg,imge886d3e0,2025-05-11 17:26:38.339613+00
img325bfa8a,/images/collages/img325bfa8a.jpg,img325bfa8a,2025-05-11 17:26:38.339613+00
img94a51469,/images/collages/img94a51469.jpg,img94a51469,2025-05-11 17:26:38.339613+00
img74257e01,/images/collages/img74257e01.jpg,img74257e01,2025-05-11 17:26:38.339613+00
img5c0ac296,/images/collages/img5c0ac296.jpg,img5c0ac296,2025-05-11 17:26:38.339613+00
imgc6a9dd92,/images/collages/imgc6a9dd92.jpg,imgc6a9dd92,2025-05-11 17:26:38.339613+00
imgaa326c03,/images/collages/imgaa326c03.jpg,imgaa326c03,2025-05-11 17:26:38.339613+00
img14af5558,/images/collages/img14af5558.jpg,img14af5558,2025-05-11 17:26:38.339613+00
imgffe16d35,/images/collages/imgffe16d35.jpg,imgffe16d35,2025-05-11 17:26:38.339613+00
img5faad59c,/images/collages/img5faad59c.jpg,img5faad59c,2025-05-11 17:26:38.339613+00
img6f759359,/images/collages/img6f759359.jpg,img6f759359,2025-05-11 17:26:38.339613+00
img110cee01,/images/collages/img110cee01.jpg,img110cee01,2025-05-11 17:26:38.339613+00
img2b47ece0,/images/collages/img2b47ece0.jpg,img2b47ece0,2025-05-11 17:26:38.339613+00
imgb9f571da,/images/collages/imgb9f571da.jpg,imgb9f571da,2025-05-11 17:26:38.339613+00
img522be2b7,/images/collages/img522be2b7.jpg,img522be2b7,2025-05-11 17:26:38.339613+00
img99665a3d,/images/collages/img99665a3d.jpg,img99665a3d,2025-05-11 17:26:38.339613+00
img81b748f8,/images/collages/img81b748f8.jpg,img81b748f8,2025-05-11 17:26:38.339613+00
img7c27367c,/images/collages/img7c27367c.jpg,img7c27367c,2025-05-11 17:26:38.339613+00
img66c3bf4f,/images/collages/img66c3bf4f.jpg,img66c3bf4f,2025-05-11 17:26:38.339613+00
img5d11a410,/images/collages/img5d11a410.jpg,img5d11a410,2025-05-11 17:26:38.339613+00
img432910ff,/images/collages/img432910ff.jpg,img432910ff,2025-05-11 17:26:38.339613+00
img7dbaafa9,/images/collages/img7dbaafa9.jpg,img7dbaafa9,2025-05-11 17:26:38.339613+00
img56b17a1e,/images/collages/img56b17a1e.jpg,img56b17a1e,2025-05-11 17:26:38.339613+00
img4c28d574,/images/collages/img4c28d574.jpg,img4c28d574,2025-05-11 17:26:38.339613+00
img4d232f6d,/images/collages/img4d232f6d.jpg,img4d232f6d,2025-05-11 17:26:38.339613+00
img49ecd5d2,/images/collages/img49ecd5d2.jpg,img49ecd5d2,2025-05-11 17:26:38.339613+00
imgc3886217,/images/collages/imgc3886217.jpg,imgc3886217,2025-05-11 17:26:38.339613+00
img2d1bae92,/images/collages/img2d1bae92.jpg,img2d1bae92,2025-05-11 17:26:38.339613+00
img997d16fa,/images/collages/img997d16fa.jpg,img997d16fa,2025-05-11 17:26:38.339613+00
img07371eeb,/images/collages/img07371eeb.jpg,img07371eeb,2025-05-11 17:26:38.339613+00
img21b870d0,/images/collages/img21b870d0.jpg,img21b870d0,2025-05-11 17:26:38.339613+00
imgb1e1cb98,/images/collages/imgb1e1cb98.jpg,imgb1e1cb98,2025-05-11 17:26:38.339613+00
img6aae25c3,/images/collages/img6aae25c3.jpg,img6aae25c3,2025-05-11 17:26:38.339613+00
img43f3043f,/images/collages/img43f3043f.jpg,img43f3043f,2025-05-11 17:26:38.339613+00
img253bdf51,/images/collages/img253bdf51.jpg,img253bdf51,2025-05-11 17:26:38.339613+00
img4677c2f4,/images/collages/img4677c2f4.jpg,img4677c2f4,2025-05-11 17:26:38.339613+00
img14e08f31,/images/collages/img14e08f31.jpg,img14e08f31,2025-05-11 17:26:38.339613+00
img5f6b6134,/images/collages/img5f6b6134.jpg,img5f6b6134,2025-05-11 17:26:38.339613+00
img082e80b1,/images/collages/img082e80b1.jpg,img082e80b1,2025-05-11 17:26:38.339613+00
img90aab00b,/images/collages/img90aab00b.jpg,img90aab00b,2025-05-11 17:26:38.339613+00
img5b883065,/images/collages/img5b883065.jpg,img5b883065,2025-05-11 17:26:38.339613+00
img2e61af0e,/images/collages/img2e61af0e.jpg,img2e61af0e,2025-05-11 17:26:38.339613+00
img8a81442c,/images/collages/img8a81442c.jpg,img8a81442c,2025-05-11 17:26:38.339613+00
img8d7dd5bd,/images/collages/img8d7dd5bd.jpg,img8d7dd5bd,2025-05-11 17:26:38.339613+00
imga02934fa,/images/collages/imga02934fa.jpg,imga02934fa,2025-05-11 17:26:38.339613+00
imgbb13ca40,/images/collages/imgbb13ca40.jpg,imgbb13ca40,2025-05-11 17:26:38.339613+00
imge0ff08da,/images/collages/imge0ff08da.jpg,imge0ff08da,2025-05-11 17:26:38.339613+00
img536b53d6,/images/collages/img536b53d6.jpg,img536b53d6,2025-05-11 17:26:38.339613+00
img8faa0977,/images/collages/img8faa0977.jpg,img8faa0977,2025-05-11 17:26:38.339613+00
img5c2cec3f,/images/collages/img5c2cec3f.jpg,img5c2cec3f,2025-05-11 17:26:38.339613+00
imgf1e6b10f,/images/collages/imgf1e6b10f.jpg,imgf1e6b10f,2025-05-11 17:26:38.339613+00
img21867abb,/images/collages/img21867abb.jpg,img21867abb,2025-05-11 17:26:38.339613+00
imgb4ace073,/images/collages/imgb4ace073.jpg,imgb4ace073,2025-05-11 17:26:38.339613+00
img58ab4a4c,/images/collages/img58ab4a4c.jpg,img58ab4a4c,2025-05-11 17:26:38.339613+00
img8de4922c,/images/collages/img8de4922c.jpg,img8de4922c,2025-05-11 17:26:38.339613+00
imgb99d7bbf,/images/collages/imgb99d7bbf.jpg,imgb99d7bbf,2025-05-11 17:26:38.339613+00
img2944fd57,/images/collages/img2944fd57.jpg,img2944fd57,2025-05-11 17:26:38.339613+00
imgbe9b2ea2,/images/collages/imgbe9b2ea2.jpg,imgbe9b2ea2,2025-05-11 17:26:38.339613+00
imge36b7f94,/images/collages/imge36b7f94.jpg,imge36b7f94,2025-05-11 17:26:38.339613+00
img5a374a47,/images/collages/img5a374a47.jpg,img5a374a47,2025-05-11 17:26:38.339613+00
img42767689,/images/collages/img42767689.jpg,img42767689,2025-05-11 17:26:38.339613+00
imgfd68a30c,/images/collages/imgfd68a30c.jpg,imgfd68a30c,2025-05-11 17:26:38.339613+00
img7f87cf84,/images/collages/img7f87cf84.jpg,img7f87cf84,2025-05-11 17:26:38.339613+00
img9752f0d6,/images/collages/img9752f0d6.jpg,img9752f0d6,2025-05-11 17:26:38.339613+00
img7225d8ea,/images/collages/img7225d8ea.jpg,img7225d8ea,2025-05-11 17:26:38.339613+00
img2640911c,/images/collages/img2640911c.jpg,img2640911c,2025-05-11 17:26:38.339613+00
img691aad92,/images/collages/img691aad92.jpg,img691aad92,2025-05-11 17:26:38.339613+00
img0075402c,/images/collages/img0075402c.jpg,img0075402c,2025-05-11 17:26:38.339613+00
imgc27e8295,/images/collages/imgc27e8295.jpg,imgc27e8295,2025-05-11 17:26:38.339613+00
img2063b72d,/images/collages/img2063b72d.jpg,img2063b72d,2025-05-11 17:26:38.339613+00
imgf7855cb8,/images/collages/imgf7855cb8.jpg,imgf7855cb8,2025-05-11 17:26:38.339613+00
imgdb755e6a,/images/collages/imgdb755e6a.jpg,imgdb755e6a,2025-05-11 17:26:38.339613+00
img330c3b69,/images/collages/img330c3b69.jpg,img330c3b69,2025-05-11 17:26:38.339613+00
img0ee5bb99,/images/collages/img0ee5bb99.jpg,img0ee5bb99,2025-05-11 17:26:38.339613+00
imge4c50f53,/images/collages/imge4c50f53.jpg,imge4c50f53,2025-05-11 17:26:38.339613+00
img34e71a24,/images/collages/img34e71a24.jpg,img34e71a24,2025-05-11 17:26:38.339613+00
img47e97697,/images/collages/img47e97697.jpg,img47e97697,2025-05-11 17:26:38.339613+00
img558242ab,/images/collages/img558242ab.jpg,img558242ab,2025-05-11 17:26:38.339613+00
img2ff4a65a,/images/collages/img2ff4a65a.jpg,img2ff4a65a,2025-05-11 17:26:38.339613+00
img9dc5325b,/images/collages/img9dc5325b.jpg,img9dc5325b,2025-05-11 17:26:38.339613+00
imgfcd0a7cb,/images/collages/imgfcd0a7cb.jpg,imgfcd0a7cb,2025-05-11 17:26:38.339613+00
img926a3eec,/images/collages/img926a3eec.jpg,img926a3eec,2025-05-11 17:26:38.339613+00
img1238a73d,/images/collages/img1238a73d.jpg,img1238a73d,2025-05-11 17:26:38.339613+00
imgf2872133,/images/collages/imgf2872133.jpg,imgf2872133,2025-05-11 17:26:38.339613+00
img822182d0,/images/collages/img822182d0.jpg,img822182d0,2025-05-11 17:26:38.339613+00
imgd652e9ef,/images/collages/imgd652e9ef.jpg,imgd652e9ef,2025-05-11 17:26:38.339613+00
img7d82a75a,/images/collages/img7d82a75a.jpg,img7d82a75a,2025-05-11 17:26:38.339613+00
imgf3ee61b4,/images/collages/imgf3ee61b4.jpg,imgf3ee61b4,2025-05-11 17:26:38.339613+00
imgff3b21b1,/images/collages/imgff3b21b1.jpg,imgff3b21b1,2025-05-11 17:26:38.339613+00
img329062fc,/images/collages/img329062fc.jpg,img329062fc,2025-05-11 17:26:38.339613+00
img505777c4,/images/collages/img505777c4.jpg,img505777c4,2025-05-11 17:26:38.339613+00
img8ac56d02,/images/collages/img8ac56d02.jpg,img8ac56d02,2025-05-11 17:26:38.339613+00
img5f6069b2,/images/collages/img5f6069b2.jpg,img5f6069b2,2025-05-11 17:26:38.339613+00
imga8db2144,/images/collages/imga8db2144.jpg,imga8db2144,2025-05-11 17:26:38.339613+00
img18804d27,/images/collages/img18804d27.jpg,img18804d27,2025-05-11 17:26:38.339613+00
img9c3a54c6,/images/collages/img9c3a54c6.jpg,img9c3a54c6,2025-05-11 17:26:38.339613+00
img4d096ced,/images/collages/img4d096ced.jpg,img4d096ced,2025-05-11 17:26:38.339613+00
imgf1a3a581,/images/collages/imgf1a3a581.jpg,imgf1a3a581,2025-05-11 17:26:38.339613+00
img03e4e2d0,/images/collages/img03e4e2d0.jpg,img03e4e2d0,2025-05-11 17:26:38.339613+00
imgc9ec4a11,/images/collages/imgc9ec4a11.jpg,imgc9ec4a11,2025-05-11 17:26:38.339613+00
img8c08c7f6,/images/collages/img8c08c7f6.jpg,img8c08c7f6,2025-05-11 17:26:38.339613+00
imga655917b,/images/collages/imga655917b.jpg,imga655917b,2025-05-11 17:26:38.339613+00
img2c2381a4,/images/collages/img2c2381a4.jpg,img2c2381a4,2025-05-11 17:26:38.339613+00
img2284f5d2,/images/collages/img2284f5d2.jpg,img2284f5d2,2025-05-11 17:26:38.339613+00
img3a9a1f2f,/images/collages/img3a9a1f2f.jpg,img3a9a1f2f,2025-05-11 17:26:38.339613+00
img7ec02daa,/images/collages/img7ec02daa.jpg,img7ec02daa,2025-05-11 17:26:38.339613+00
img6796669b,/images/collages/img6796669b.jpg,img6796669b,2025-05-11 17:26:38.339613+00
img527df176,/images/collages/img527df176.jpg,img527df176,2025-05-11 17:26:38.339613+00
imge4c414f5,/images/collages/imge4c414f5.jpg,imge4c414f5,2025-05-11 17:26:38.339613+00
imga90a278d,/images/collages/imga90a278d.jpg,imga90a278d,2025-05-11 17:26:38.339613+00
img1613d153,/images/collages/img1613d153.jpg,img1613d153,2025-05-11 17:26:38.339613+00
img5cf883c1,/images/collages/img5cf883c1.jpg,img5cf883c1,2025-05-11 17:26:38.339613+00
img432830e3,/images/collages/img432830e3.jpg,img432830e3,2025-05-11 17:26:38.339613+00
img50358e62,/images/collages/img50358e62.jpg,img50358e62,2025-05-11 17:26:38.339613+00
imgb07dc194,/images/collages/imgb07dc194.jpg,imgb07dc194,2025-05-11 17:26:38.339613+00
img66aea6d4,/images/collages/img66aea6d4.jpg,img66aea6d4,2025-05-11 17:26:38.339613+00
imgcac92cdb,/images/collages/imgcac92cdb.jpg,imgcac92cdb,2025-05-11 17:26:38.339613+00
img0641f664,/images/collages/img0641f664.jpg,img0641f664,2025-05-11 17:26:38.339613+00
imgf8a0b755,/images/collages/imgf8a0b755.jpg,imgf8a0b755,2025-05-11 17:26:38.339613+00
img1093f4dc,/images/collages/img1093f4dc.jpg,img1093f4dc,2025-05-11 17:26:38.339613+00
imgc2e4fa02,/images/collages/imgc2e4fa02.jpg,imgc2e4fa02,2025-05-11 17:26:38.339613+00
img8e0c7280,/images/collages/img8e0c7280.jpg,img8e0c7280,2025-05-11 17:26:38.339613+00
img1e15a3e1,/images/collages/img1e15a3e1.jpg,img1e15a3e1,2025-05-11 17:26:38.339613+00
img662e9031,/images/collages/img662e9031.jpg,img662e9031,2025-05-11 17:26:38.339613+00
img6683f355,/images/collages/img6683f355.jpg,img6683f355,2025-05-11 17:26:38.339613+00
imgfeb5027a,/images/collages/imgfeb5027a.jpg,imgfeb5027a,2025-05-11 17:26:38.339613+00
imge2d20731,/images/collages/imge2d20731.jpg,imge2d20731,2025-05-11 17:26:38.339613+00
img70135b24,/images/collages/img70135b24.jpg,img70135b24,2025-05-11 17:26:38.339613+00
img8cbc4a2c,/images/collages/img8cbc4a2c.jpg,img8cbc4a2c,2025-05-11 17:26:38.339613+00
img2731e156,/images/collages/img2731e156.jpg,img2731e156,2025-05-11 17:26:38.339613+00
img417a6ab7,/images/collages/img417a6ab7.jpg,img417a6ab7,2025-05-11 17:26:38.339613+00
imgd202b9bf,/images/collages/imgd202b9bf.jpg,imgd202b9bf,2025-05-11 17:26:38.339613+00
img73d7dd84,/images/collages/img73d7dd84.jpg,img73d7dd84,2025-05-11 17:26:38.339613+00
imge9ae1070,/images/collages/imge9ae1070.jpg,imge9ae1070,2025-05-11 17:26:38.339613+00
imgd3e0b9c0,/images/collages/imgd3e0b9c0.jpg,imgd3e0b9c0,2025-05-11 17:26:38.339613+00
img149e578c,/images/collages/img149e578c.jpg,img149e578c,2025-05-11 17:26:38.339613+00
imgb7da6a2e,/images/collages/imgb7da6a2e.jpg,imgb7da6a2e,2025-05-11 17:26:38.339613+00
imge2ce9d2c,/images/collages/imge2ce9d2c.jpg,imge2ce9d2c,2025-05-11 17:26:38.339613+00
img45766325,/images/collages/img45766325.jpg,img45766325,2025-05-11 17:26:38.339613+00
img9276dc0d,/images/collages/img9276dc0d.jpg,img9276dc0d,2025-05-11 17:26:38.339613+00
img29915ffb,/images/collages/img29915ffb.jpg,img29915ffb,2025-05-11 17:26:38.339613+00
imgaf023981,/images/collages/imgaf023981.jpg,imgaf023981,2025-05-11 17:26:38.339613+00
img9ad33565,/images/collages/img9ad33565.jpg,img9ad33565,2025-05-11 17:26:38.339613+00
img3d1d5465,/images/collages/img3d1d5465.jpg,img3d1d5465,2025-05-11 17:26:38.339613+00
img617f23cd,/images/collages/img617f23cd.jpg,img617f23cd,2025-05-11 17:26:38.339613+00
img90bea334,/images/collages/img90bea334.jpg,img90bea334,2025-05-11 17:26:38.339613+00
img5a643108,/images/collages/img5a643108.jpg,img5a643108,2025-05-11 17:26:38.339613+00
img7af51add,/images/collages/img7af51add.jpg,img7af51add,2025-05-11 17:26:38.339613+00
img306016c3,/images/collages/img306016c3.jpg,img306016c3,2025-05-11 17:26:38.339613+00
img4b998373,/images/collages/img4b998373.jpg,img4b998373,2025-05-11 17:26:38.339613+00