id,src,metadata_status,provider
66eaee89-42c4-4eed-a3c9-4b8e03cfb4de,https://qpvuwzztqqeyqxkrnhfr.supabase.co/storage/v1/object/public/user-images/collages/img92d0682a.jpg,,cms
0724bd91-55f7-4a5a-b605-4ffe390f769d,https://qpvuwzztqqeyqxkrnhfr.supabase.co/storage/v1/object/public/user-images/collages/imga5a98d67.jpg,,cms
92aea7be-ebc8-4100-86e4-a50750e55f4d,https://qpvuwzztqqeyqxkrnhfr.supabase.co/storage/v1/object/public/user-images/collages/imgaa49a11f.jpg,,cms
9f893fcd-7993-4a33-a769-03ec3b793782,https://qpvuwzztqqeyqxkrnhfr.supabase.co/storage/v1/object/public/user-images/collages/imgab94f3dc.jpg,,cms
096f35ed-11ed-44cd-b3e6-f1d07a11b347,https://qpvuwzztqqeyqxkrnhfr.supabase.co/storage/v1/object/public/user-images/collages/imgad3e55ba.jpg,,cms
97766d99-74a4-4273-88fe-5d213d9c8e88,https://qpvuwzztqqeyqxkrnhfr.supabase.co/storage/v1/object/public/user-images/collages/imgafa3b182.jpg,,cms
e7436038-8d13-43e9-a687-52eb03a9f691,https://qpvuwzztqqeyqxkrnhfr.supabase.co/storage/v1/object/public/user-images/collages/imgb4c74cc4.jpg,,cms
f6c51849-c235-4c4b-b27a-2df60ef5943a,https://qpvuwzztqqeyqxkrnhfr.supabase.co/storage/v1/object/public/user-images/collages/imgb5d6a8d0.jpg,,cms
cfea5e63-f186-49f3-8a8b-5cf03d1e2f2a,https://qpvuwzztqqeyqxkrnhfr.supabase.co/storage/v1/object/public/user-images/collages/imgb9a2956f.jpg,,cms
0ef4fe0c-61d4-41e8-89f5-31939ff44135,https://qpvuwzztqqeyqxkrnhfr.supabase.co/storage/v1/object/public/user-images/collages/imgba5b75d0.jpg,,cms
43c91e85-c84c-4040-8d80-5d5ccd63d25a,https://qpvuwzztqqeyqxkrnhfr.supabase.co/storage/v1/object/public/user-images/collages/imgbb5abb45.jpg,,cms
8bf22609-bfda-4500-9fb8-dba376207124,https://qpvuwzztqqeyqxkrnhfr.supabase.co/storage/v1/object/public/user-images/collages/imgbea45262.jpg,,cms
9772835e-8f23-4d04-9b01-56e8717c4bb8,https://qpvuwzztqqeyqxkrnhfr.supabase.co/storage/v1/object/public/user-images/collages/imgc1ccc17a.jpg,,cms
538c54fa-feb7-42e4-ba6d-ff4147cc47b4,https://qpvuwzztqqeyqxkrnhfr.supabase.co/storage/v1/object/public/user-images/collages/imgc3c9add9.jpg,,cms
5cd3b460-6b3f-4377-a625-be143d524d38,https://qpvuwzztqqeyqxkrnhfr.supabase.co/storage/v1/object/public/user-images/collages/imgc418147e.jpg,,cms
7067d6d7-6aab-45f0-a652-d7961d45abe5,https://qpvuwzztqqeyqxkrnhfr.supabase.co/storage/v1/object/public/user-images/collages/imgc48c2b15.jpg,,cms
15808123-1d2c-4708-a2f3-5e491c5f644e,https://qpvuwzztqqeyqxkrnhfr.supabase.co/storage/v1/object/public/user-images/collages/imgc7839936.jpg,,cms
5423bf41-446e-420b-ab02-0d8432c83e8a,https://qpvuwzztqqeyqxkrnhfr.supabase.co/storage/v1/object/public/user-images/collages/imgca22d12a.jpg,,cms
88b76bc7-dd0a-478b-b1e9-6324c03de702,https://qpvuwzztqqeyqxkrnhfr.supabase.co/storage/v1/object/public/user-images/collages/imgcc4e7be4.jpg,,cms
dfcd974a-1f0c-4ffe-9719-2a87bffd1b83,https://qpvuwzztqqeyqxkrnhfr.supabase.co/storage/v1/object/public/user-images/collages/imgcddbbb9d.jpg,,cms
a370b875-5620-448a-a556-c5bde276209b,https://qpvuwzztqqeyqxkrnhfr.supabase.co/storage/v1/object/public/user-images/collages/imgceaa936a.jpg,,cms
b3234e1e-3408-41c2-9c9f-863278386ab2,https://qpvuwzztqqeyqxkrnhfr.supabase.co/storage/v1/object/public/user-images/collages/imgd23d48cf.jpg,,cms
89391b26-c1d6-480b-8820-02bbf5336806,https://qpvuwzztqqeyqxkrnhfr.supabase.co/storage/v1/object/public/user-images/collages/imgdc3c0299.jpg,,cms
47628059-debb-426c-8da6-1e082be58dd6,https://qpvuwzztqqeyqxkrnhfr.supabase.co/storage/v1/object/public/user-images/collages/imgdc6e0068.jpg,,cms
c50e1ec8-355e-472d-9396-ca6b37f5cdfc,https://qpvuwzztqqeyqxkrnhfr.supabase.co/storage/v1/object/public/user-images/collages/imgdd67f109.jpg,,cms
a3df37e2-cd54-4aeb-8b2d-d1761d60b5b0,https://qpvuwzztqqeyqxkrnhfr.supabase.co/storage/v1/object/public/user-images/collages/imgdd9fa496.jpg,,cms
2b995130-8074-4994-8e1e-699395620413,https://qpvuwzztqqeyqxkrnhfr.supabase.co/storage/v1/object/public/user-images/collages/imgdf28901d.jpg,,cms
ff7e8989-1419-4f14-8d55-17de062d14f8,https://qpvuwzztqqeyqxkrnhfr.supabase.co/storage/v1/object/public/user-images/collages/imge1810230.jpg,,cms
85c52e16-7d87-441f-944a-b706897c182a,https://qpvuwzztqqeyqxkrnhfr.supabase.co/storage/v1/object/public/user-images/collages/imge1cdb50d.jpg,,cms
528ba9d8-7200-457d-9f40-5aac5f354d14,https://qpvuwzztqqeyqxkrnhfr.supabase.co/storage/v1/object/public/user-images/collages/imge2f14431.jpg,,cms
b9fffc79-a964-450b-815c-0ffebf3d27f7,https://qpvuwzztqqeyqxkrnhfr.supabase.co/storage/v1/object/public/user-images/collages/imge386a804.jpg,,cms
d5ff4f74-b75d-44b5-9ecc-445b0486e053,https://qpvuwzztqqeyqxkrnhfr.supabase.co/storage/v1/object/public/user-images/collages/imgeafcfde7.jpg,,cms
3a06403e-610c-4ca5-8be6-2336839712f5,https://qpvuwzztqqeyqxkrnhfr.supabase.co/storage/v1/object/public/user-images/collages/imgf09e3117.jpg,,cms
4c649a3c-1e7a-4af6-9fd6-94999a958133,https://qpvuwzztqqeyqxkrnhfr.supabase.co/storage/v1/object/public/user-images/collages/imgf48d1413.jpg,,cms
07241fb7-5c30-41e4-8acf-89ad06dbd6a4,https://qpvuwzztqqeyqxkrnhfr.supabase.co/storage/v1/object/public/user-images/collages/imgf5b459b6.jpg,,cms
91864e69-8101-4094-a68d-d3124d66eeb5,https://qpvuwzztqqeyqxkrnhfr.supabase.co/storage/v1/object/public/user-images/orphaned_backup/img92d0682a.jpg,,cms
33a52552-0e09-45b8-a3ea-9562f950ed1d,https://qpvuwzztqqeyqxkrnhfr.supabase.co/storage/v1/object/public/user-images/orphaned_backup/imga5a98d67.jpg,,cms
644e1874-c68f-4e7c-a094-dbdd00aae4f1,https://qpvuwzztqqeyqxkrnhfr.supabase.co/storage/v1/object/public/user-images/orphaned_backup/imgaa49a11f.jpg,,cms
6e34bb34-9401-4cbc-ba80-5ff1cf569653,https://qpvuwzztqqeyqxkrnhfr.supabase.co/storage/v1/object/public/user-images/orphaned_backup/imgab94f3dc.jpg,,cms
39b7b86a-d975-4bca-bd4b-8fd4a21e8c52,https://qpvuwzztqqeyqxkrnhfr.supabase.co/storage/v1/object/public/user-images/orphaned_backup/imgad3e55ba.jpg,,cms
7dc258da-5a05-4df3-83ca-0f168c64c983,https://qpvuwzztqqeyqxkrnhfr.supabase.co/storage/v1/object/public/user-images/orphaned_backup/imgafa3b182.jpg,,cms
ee526d43-d633-4981-81c5-edceb2672177,https://qpvuwzztqqeyqxkrnhfr.supabase.co/storage/v1/object/public/user-images/orphaned_backup/imgb4c74cc4.jpg,,cms
8b14bf53-ad60-49f2-a3ac-d7d42304b9a6,https://qpvuwzztqqeyqxkrnhfr.supabase.co/storage/v1/object/public/user-images/orphaned_backup/imgb5d6a8d0.jpg,,cms
0a1b8f01-5a70-4b0d-8ef0-5f2f10d04722,https://qpvuwzztqqeyqxkrnhfr.supabase.co/storage/v1/object/public/user-images/orphaned_backup/imgb9a2956f.jpg,,cms
eef3e37f-95a1-4323-bd38-f9d7b0efacb5,https://qpvuwzztqqeyqxkrnhfr.supabase.co/storage/v1/object/public/user-images/orphaned_backup/imgba5b75d0.jpg,,cms
79820d86-c330-44b7-9585-d071aad0a3a8,https://qpvuwzztqqeyqxkrnhfr.supabase.co/storage/v1/object/public/user-images/orphaned_backup/imgbb5abb45.jpg,,cms
1239ba18-9535-4f9b-8bef-07d4949bdb63,https://qpvuwzztqqeyqxkrnhfr.supabase.co/storage/v1/object/public/user-images/orphaned_backup/imgbea45262.jpg,,cms
894ecb2b-3eca-4641-b802-8c7a044610f9,https://qpvuwzztqqeyqxkrnhfr.supabase.co/storage/v1/object/public/user-images/orphaned_backup/imgc1ccc17a.jpg,,cms
4aeb740b-bd9a-4dd9-a58a-78cf7a405889,https://qpvuwzztqqeyqxkrnhfr.supabase.co/storage/v1/object/public/user-images/orphaned_backup/imgc3c9add9.jpg,,cms
1a270f85-fc02-4cae-ad69-09d1f13abe25,https://qpvuwzztqqeyqxkrnhfr.supabase.co/storage/v1/object/public/user-images/orphaned_backup/imgc418147e.jpg,,cms
e6e3b85b-b850-490d-812c-b921398fb0f9,https://qpvuwzztqqeyqxkrnhfr.supabase.co/storage/v1/object/public/user-images/orphaned_backup/imgc48c2b15.jpg,,cms
2ccb9fad-2a1e-426b-b4ad-1cb7e7a666bb,https://qpvuwzztqqeyqxkrnhfr.supabase.co/storage/v1/object/public/user-images/orphaned_backup/imgc7839936.jpg,,cms
f420aa23-df24-4328-a9c0-eeff3c7555f2,https://qpvuwzztqqeyqxkrnhfr.supabase.co/storage/v1/object/public/user-images/orphaned_backup/imgca22d12a.jpg,,cms
93a2f877-9b96-4908-9ad7-ae8e4cceabd7,https://qpvuwzztqqeyqxkrnhfr.supabase.co/storage/v1/object/public/user-images/orphaned_backup/imgcc4e7be4.jpg,,cms
b774c15d-208f-4952-a9ea-58bb7f487cb6,https://qpvuwzztqqeyqxkrnhfr.supabase.co/storage/v1/object/public/user-images/orphaned_backup/imgcddbbb9d.jpg,,cms
b5c53df5-47b8-4b96-af14-8de6c60c8737,https://qpvuwzztqqeyqxkrnhfr.supabase.co/storage/v1/object/public/user-images/orphaned_backup/imgceaa936a.jpg,,cms
16139b29-706e-42ce-84dc-4656ac38d919,https://qpvuwzztqqeyqxkrnhfr.supabase.co/storage/v1/object/public/user-images/orphaned_backup/imgd23d48cf.jpg,,cms
d5574608-cfea-41d8-8043-b429dc6e17c4,https://qpvuwzztqqeyqxkrnhfr.supabase.co/storage/v1/object/public/user-images/orphaned_backup/imgdc3c0299.jpg,,cms
600a1b5b-5bdd-4951-ba47-e0a9c8209020,https://qpvuwzztqqeyqxkrnhfr.supabase.co/storage/v1/object/public/user-images/orphaned_backup/imgdc6e0068.jpg,,cms
e4ccdeba-4d97-45bb-916d-43e70ccdfde4,https://qpvuwzztqqeyqxkrnhfr.supabase.co/storage/v1/object/public/user-images/orphaned_backup/imgdd67f109.jpg,,cms
8d13f60f-0fbb-4d32-8b9b-cb040b7622e4,https://qpvuwzztqqeyqxkrnhfr.supabase.co/storage/v1/object/public/user-images/orphaned_backup/imgdd9fa496.jpg,,cms
c1071343-f8d5-4bd1-8f21-97c73291778e,https://qpvuwzztqqeyqxkrnhfr.supabase.co/storage/v1/object/public/user-images/orphaned_backup/imgdf28901d.jpg,,cms
e6932bf9-bfee-427a-a015-f52e0e24b8a4,https://qpvuwzztqqeyqxkrnhfr.supabase.co/storage/v1/object/public/user-images/orphaned_backup/imge1810230.jpg,,cms
9b080b99-aaf2-4411-81ca-9363419d93f8,https://qpvuwzztqqeyqxkrnhfr.supabase.co/storage/v1/object/public/user-images/orphaned_backup/imge1cdb50d.jpg,,cms
4ee92a88-1015-41d8-a133-01d1cce66a4e,https://qpvuwzztqqeyqxkrnhfr.supabase.co/storage/v1/object/public/user-images/orphaned_backup/imge2f14431.jpg,,cms
d11c180f-6ba3-41b0-9540-ca63b6f1cbf2,https://qpvuwzztqqeyqxkrnhfr.supabase.co/storage/v1/object/public/user-images/orphaned_backup/imge386a804.jpg,,cms
0270ce8e-45ff-4510-9ab8-ac4c048c4edb,https://qpvuwzztqqeyqxkrnhfr.supabase.co/storage/v1/object/public/user-images/orphaned_backup/imgeafcfde7.jpg,,cms
caa3ffde-5314-4c4e-8de7-980dfb9eb3d2,https://qpvuwzztqqeyqxkrnhfr.supabase.co/storage/v1/object/public/user-images/orphaned_backup/imgf09e3117.jpg,,cms
6e56c107-c45d-4e65-a3a2-aa8484ebe889,https://qpvuwzztqqeyqxkrnhfr.supabase.co/storage/v1/object/public/user-images/orphaned_backup/imgf48d1413.jpg,,cms
6fb6fa66-0df6-4108-aedb-52c18b888171,https://qpvuwzztqqeyqxkrnhfr.supabase.co/storage/v1/object/public/user-images/orphaned_backup/imgf5b459b6.jpg,,cms
01ba495e-0527-4d6c-8af3-64c1463492b7,https://qpvuwzztqqeyqxkrnhfr.supabase.co/storage/v1/object/public/user-images/collages/imgf57e8bfb.jpg,,cms
28e532c8-91d6-4040-98b0-d2b57f9bb6a3,https://qpvuwzztqqeyqxkrnhfr.supabase.co/storage/v1/object/public/user-images/collages/imgf587cb5a.jpg,,cms
736c38d4-83b9-4274-8a51-9653d7ca28d5,https://qpvuwzztqqeyqxkrnhfr.supabase.co/storage/v1/object/public/user-images/collages/imgf21429ed.jpg,,cms
1f667b73-4ddc-45fe-9c23-d472aa32bf98,https://qpvuwzztqqeyqxkrnhfr.supabase.co/storage/v1/object/public/user-images/collages/imgf5633a0d.jpg,,cms
a50d44ef-154d-41ce-9344-e235d3faf541,https://qpvuwzztqqeyqxkrnhfr.supabase.co/storage/v1/object/public/user-images/collages/imgefd56c83.jpg,,cms
a807b588-9aa6-4b10-90fa-719479540214,https://qpvuwzztqqeyqxkrnhfr.supabase.co/storage/v1/object/public/user-images/collages/imge9e94dde.jpg,,cms
0db57826-1feb-4b99-96fc-31872fa697fd,https://qpvuwzztqqeyqxkrnhfr.supabase.co/storage/v1/object/public/user-images/collages/imgea1ae05b.jpg,,cms
f6773ea8-ea8c-4f55-9fbb-73fee791f141,https://qpvuwzztqqeyqxkrnhfr.supabase.co/storage/v1/object/public/user-images/collages/imgeaf2a792.jpg,,cms
1a61573f-ceeb-4984-a4d3-ae70e561b0af,https://qpvuwzztqqeyqxkrnhfr.supabase.co/storage/v1/object/public/user-images/collages/imge7024bea.jpg,,cms
ea2516eb-ea9e-440e-944f-e1d81c7e0081,https://qpvuwzztqqeyqxkrnhfr.supabase.co/storage/v1/object/public/user-images/collages/imge2af7e80.jpg,,cms
5bbe677e-3079-49ab-836e-51e1286594c9,https://qpvuwzztqqeyqxkrnhfr.supabase.co/storage/v1/object/public/user-images/collages/img4b4cf6f5.jpg,,cms
caf2b7cf-afe0-475a-a8db-d885bd410154,https://qpvuwzztqqeyqxkrnhfr.supabase.co/storage/v1/object/public/user-images/collages/img8eb96c74.jpg,,cms
2cd33c6c-0ce3-41d9-9456-b16285f1c863,https://qpvuwzztqqeyqxkrnhfr.supabase.co/storage/v1/object/public/user-images/collages/img8ee64252.jpg,,cms
54626196-2cad-4d1e-82f5-09fe9727ce6e,https://qpvuwzztqqeyqxkrnhfr.supabase.co/storage/v1/object/public/user-images/collages/img15647e66.jpg,,cms
e9ab655d-d32b-4768-a8fa-94d1964d2979,https://qpvuwzztqqeyqxkrnhfr.supabase.co/storage/v1/object/public/user-images/collages/img51aa2214.jpg,,cms
84f07b5e-0893-4dee-8d80-2e30e0df19fb,https://qpvuwzztqqeyqxkrnhfr.supabase.co/storage/v1/object/public/user-images/collages/img602f059b.jpg,,cms
7c7d7369-819b-4ac8-8f50-2a521c034b81,https://qpvuwzztqqeyqxkrnhfr.supabase.co/storage/v1/object/public/user-images/collages/imgad24dbdc.jpg,,cms
f912cbc8-fd11-4555-a677-301cfcb932ef,https://qpvuwzztqqeyqxkrnhfr.supabase.co/storage/v1/object/public/user-images/collages/img06118661.jpg,,cms
e430779d-a60e-4147-8cac-d2935a3adde9,https://qpvuwzztqqeyqxkrnhfr.supabase.co/storage/v1/object/public/user-images/collages/img7816e010.jpg,,cms
d661c543-3b21-4b61-a37d-813041572d75,https://qpvuwzztqqeyqxkrnhfr.supabase.co/storage/v1/object/public/user-images/collages/img699c64e2.jpg,,cms
e47cfe13-3aeb-40c2-bcfc-af7bc30a8813,https://qpvuwzztqqeyqxkrnhfr.supabase.co/storage/v1/object/public/user-images/collages/img1093203f.jpg,,cms
10c55cb8-4b9d-45cf-ac8d-0abb991b9761,https://qpvuwzztqqeyqxkrnhfr.supabase.co/storage/v1/object/public/user-images/collages/img7e72df44.jpg,,cms
d591ad9b-5059-410f-a82d-af15e7348bd9,https://qpvuwzztqqeyqxkrnhfr.supabase.co/storage/v1/object/public/user-images/collages/img117244cf.jpg,,cms
209c827f-d14f-4c25-9c36-100d991806c8,https://qpvuwzztqqeyqxkrnhfr.supabase.co/storage/v1/object/public/user-images/collages/img6d025915.jpg,,cms
02790199-7310-4e9d-aa86-844f4a531994,https://qpvuwzztqqeyqxkrnhfr.supabase.co/storage/v1/object/public/user-images/collages/img5d600cd5.jpg,,cms
9907a762-2c6b-48c3-b098-005735171678,https://qpvuwzztqqeyqxkrnhfr.supabase.co/storage/v1/object/public/user-images/collages/img960df687.jpg,,cms
f9b8ff08-e8cc-429a-a32e-3e2304ddb590,https://qpvuwzztqqeyqxkrnhfr.supabase.co/storage/v1/object/public/user-images/collages/imge2cd501d.jpg,,cms
08a6d937-3ddf-4820-b842-bf3ef6ead6d6,https://qpvuwzztqqeyqxkrnhfr.supabase.co/storage/v1/object/public/user-images/collages/img79690c81.jpg,,cms
df013404-a2f6-4b2c-bac8-0d4552db835e,https://qpvuwzztqqeyqxkrnhfr.supabase.co/storage/v1/object/public/user-images/collages/imgc5c3677c.jpg,,cms
966262f3-3a0d-4a2b-ac47-57ee69c6fac0,https://qpvuwzztqqeyqxkrnhfr.supabase.co/storage/v1/object/public/user-images/collages/imgd0752c19.jpg,,cms
304a8514-5ff9-4548-bd0d-e46667d3189d,https://qpvuwzztqqeyqxkrnhfr.supabase.co/storage/v1/object/public/user-images/collages/img601a1448.jpg,,cms
66aa5037-9f63-443e-ab3f-a5a082ae3ade,https://qpvuwzztqqeyqxkrnhfr.supabase.co/storage/v1/object/public/user-images/collages/img47d5870f.jpg,,cms
6efa031f-1139-486e-b553-81f4a8ccb87c,https://qpvuwzztqqeyqxkrnhfr.supabase.co/storage/v1/object/public/user-images/collages/imgd54c212e.jpg,,cms
a36db7de-2a77-4cb4-9caf-8572bdd0d235,https://qpvuwzztqqeyqxkrnhfr.supabase.co/storage/v1/object/public/user-images/collages/img0736096b.jpg,,cms
464b9dae-169d-4a28-90bd-9546b294645a,https://qpvuwzztqqeyqxkrnhfr.supabase.co/storage/v1/object/public/user-images/collages/img560a3181.jpg,,cms
c338062e-2a4d-48e2-80ff-760b37fd7269,https://qpvuwzztqqeyqxkrnhfr.supabase.co/storage/v1/object/public/user-images/collages/img9eccff51.jpg,,cms
a2504c47-3048-4790-a363-4f1ab7fe28e7,https://qpvuwzztqqeyqxkrnhfr.supabase.co/storage/v1/object/public/user-images/collages/img445392b9.jpg,,cms
2d060f65-c7ec-4cbb-bbfe-308f3c763ea3,https://qpvuwzztqqeyqxkrnhfr.supabase.co/storage/v1/object/public/user-images/collages/img6fb54897.jpg,,cms
02936805-599f-41ed-829c-82c842e8bf19,https://qpvuwzztqqeyqxkrnhfr.supabase.co/storage/v1/object/public/user-images/collages/img18557abf.jpg,,cms
9e7fd48d-a3ae-404a-8f28-801691ea0459,https://qpvuwzztqqeyqxkrnhfr.supabase.co/storage/v1/object/public/user-images/collages/img0ff06620.jpg,,cms
83728781-5ea2-49a0-97d0-6c238c1886c9,https://qpvuwzztqqeyqxkrnhfr.supabase.co/storage/v1/object/public/user-images/collages/img767de139.jpg,,cms
9242fb60-d449-4004-a729-930b7a3e587c,https://qpvuwzztqqeyqxkrnhfr.supabase.co/storage/v1/object/public/user-images/collages/imgcf09cb84.jpg,,cms
d26831a6-6c4b-4563-88bd-be686d6281a9,https://qpvuwzztqqeyqxkrnhfr.supabase.co/storage/v1/object/public/user-images/collages/img369d7941.jpg,,cms
45967fe9-7d0a-4648-b7c4-a27f2a29a8c0,https://qpvuwzztqqeyqxkrnhfr.supabase.co/storage/v1/object/public/user-images/collages/img912e9482.jpg,,cms
1ed9cf1d-de1a-42a4-8e14-d8e88c023f8b,https://qpvuwzztqqeyqxkrnhfr.supabase.co/storage/v1/object/public/user-images/collages/img98722f83.jpg,,cms
81daff4c-6c26-4a0a-9e31-d09057715f78,https://qpvuwzztqqeyqxkrnhfr.supabase.co/storage/v1/object/public/user-images/collages/img5c5fd8ff.jpg,,cms
29d13fb1-47ae-4103-a877-1b9c611e0865,https://qpvuwzztqqeyqxkrnhfr.supabase.co/storage/v1/object/public/user-images/collages/imgd9d60ab4.jpg,,cms
06aca04e-0313-4400-99c2-b7b3d613b4ee,https://qpvuwzztqqeyqxkrnhfr.supabase.co/storage/v1/object/public/user-images/collages/img07c9e8a8.jpg,,cms
6fe80fc3-5b36-4a80-947e-c116da223a8d,https://qpvuwzztqqeyqxkrnhfr.supabase.co/storage/v1/object/public/user-images/collages/img24209f9f.jpg,,cms
116e215f-8f1f-4534-b3a2-7cf9fd71a603,https://qpvuwzztqqeyqxkrnhfr.supabase.co/storage/v1/object/public/user-images/collages/img8e779d7d.jpg,,cms
c5bd9a2c-88d1-460d-b21f-3839f51dbb22,https://qpvuwzztqqeyqxkrnhfr.supabase.co/storage/v1/object/public/user-images/collages/imgbe47894a.jpg,,cms
97aefd01-d050-45b3-9996-95892c1590c8,https://qpvuwzztqqeyqxkrnhfr.supabase.co/storage/v1/object/public/user-images/collages/img1208ba0c.jpg,,cms
377d6d06-1167-4562-996f-dbe71d63a775,https://qpvuwzztqqeyqxkrnhfr.supabase.co/storage/v1/object/public/user-images/collages/img8ba111c1.jpg,,cms
ce42627f-99c6-40e5-a1f3-99076dfd09da,https://qpvuwzztqqeyqxkrnhfr.supabase.co/storage/v1/object/public/user-images/collages/img00b40e5e.jpg,,cms
17f70c9e-a685-4d0c-8fa6-375e4b91d1cd,https://qpvuwzztqqeyqxkrnhfr.supabase.co/storage/v1/object/public/user-images/collages/img5c22e445.jpg,,cms
8c3faa69-95c5-49bc-a115-292b82af6342,https://qpvuwzztqqeyqxkrnhfr.supabase.co/storage/v1/object/public/user-images/collages/imgcd639034.jpg,,cms
d77cb464-6106-4ead-ae8c-e7548ada9734,https://qpvuwzztqqeyqxkrnhfr.supabase.co/storage/v1/object/public/user-images/collages/img0ae2e9c2.jpg,,cms
260ee9b3-9feb-4a22-bbe9-24757e1baf36,https://qpvuwzztqqeyqxkrnhfr.supabase.co/storage/v1/object/public/user-images/collages/imgb76a5e56.jpg,,cms
dfb25f75-7319-45a5-9d3a-0c519ba3eca2,https://qpvuwzztqqeyqxkrnhfr.supabase.co/storage/v1/object/public/user-images/collages/img228a3285.jpg,,cms
4e22bfd2-fd40-46ca-bc81-044cd465309d,https://qpvuwzztqqeyqxkrnhfr.supabase.co/storage/v1/object/public/user-images/collages/img1ee2f36d.jpg,,cms
18345058-9da5-4a3c-ba34-cdd4a807b773,https://qpvuwzztqqeyqxkrnhfr.supabase.co/storage/v1/object/public/user-images/collages/img821478bf.jpg,,cms
353e41cd-fd58-4272-bf84-494fcf8b193d,https://qpvuwzztqqeyqxkrnhfr.supabase.co/storage/v1/object/public/user-images/collages/img4a31eee2.jpg,,cms
52cde518-5aff-4469-ae9b-9f9dfc98eef1,https://qpvuwzztqqeyqxkrnhfr.supabase.co/storage/v1/object/public/user-images/collages/img577bb1d4.jpg,,cms
1e1234b4-da51-4d8f-be22-7431b4b87dd9,https://qpvuwzztqqeyqxkrnhfr.supabase.co/storage/v1/object/public/user-images/collages/img3cefa2f5.jpg,,cms
c4f68443-2490-49cf-bffc-25cdcd182233,https://qpvuwzztqqeyqxkrnhfr.supabase.co/storage/v1/object/public/user-images/collages/img9b4d2f13.jpg,,cms
b46393a1-ddc3-4d95-966b-85b46e07ef34,https://qpvuwzztqqeyqxkrnhfr.supabase.co/storage/v1/object/public/user-images/collages/img6dafa53b.jpg,,cms
ab5a15e1-28cc-47f4-9ee5-c07d59b50cc3,https://qpvuwzztqqeyqxkrnhfr.supabase.co/storage/v1/object/public/user-images/collages/img21d91b65.jpg,,cms
a8edb023-baaf-4cce-b28b-412c42861727,https://qpvuwzztqqeyqxkrnhfr.supabase.co/storage/v1/object/public/user-images/collages/img57ab9a8e.jpg,,cms
ddf0bca4-5ea1-4221-bdff-5948aaf03f68,https://qpvuwzztqqeyqxkrnhfr.supabase.co/storage/v1/object/public/user-images/collages/img646bb3d4.jpg,,cms
2cd7282a-ec25-46de-967f-5dcec2d20a25,https://qpvuwzztqqeyqxkrnhfr.supabase.co/storage/v1/object/public/user-images/collages/img6c5fe4d5.jpg,,cms
abe9990b-9af2-4ad5-9c77-503a4d9dca55,https://qpvuwzztqqeyqxkrnhfr.supabase.co/storage/v1/object/public/user-images/collages/img564e6aee.jpg,,cms
6267ec8c-be78-4d22-966e-4cab912dd732,https://qpvuwzztqqeyqxkrnhfr.supabase.co/storage/v1/object/public/user-images/collages/img146a3ebd.jpg,,cms
1015715b-7a6a-4cf0-8375-af96b235dd2f,https://qpvuwzztqqeyqxkrnhfr.supabase.co/storage/v1/object/public/user-images/collages/img4c37deaf.jpg,,cms
abd18ba5-7fe9-4a60-b0e7-66851de5343d,https://qpvuwzztqqeyqxkrnhfr.supabase.co/storage/v1/object/public/user-images/collages/img1abab9e4.jpg,,cms
95dce066-2584-4cc1-b870-110acae13832,https://qpvuwzztqqeyqxkrnhfr.supabase.co/storage/v1/object/public/user-images/collages/img40405bd0.jpg,,cms
096d9669-0768-49d3-aebb-194e272bda22,https://qpvuwzztqqeyqxkrnhfr.supabase.co/storage/v1/object/public/user-images/collages/img7d4ac192.jpg,,cms
bc03f1c7-fa6d-421c-989b-e483c5bc32bb,https://qpvuwzztqqeyqxkrnhfr.supabase.co/storage/v1/object/public/user-images/collages/imgc75d54f1.jpg,,cms
6d9ba772-5910-4af4-ac84-4100042c62d4,https://qpvuwzztqqeyqxkrnhfr.supabase.co/storage/v1/object/public/user-images/collages/img0741bf63.jpg,,cms
fed3a6bf-dc3a-4cab-8d56-e5ec5a1da3bd,https://qpvuwzztqqeyqxkrnhfr.supabase.co/storage/v1/object/public/user-images/collages/imgb7ce676d.jpg,,cms
9ca09c89-c6c7-4b25-b403-48c4e50f42b9,https://qpvuwzztqqeyqxkrnhfr.supabase.co/storage/v1/object/public/user-images/collages/img882dfbaa.jpg,,cms
5397706e-d72b-4fba-8ceb-d53171ee2ac4,https://qpvuwzztqqeyqxkrnhfr.supabase.co/storage/v1/object/public/user-images/collages/img19043439.jpg,,cms
b1730fa3-7591-4515-97df-3b20532b5e04,https://qpvuwzztqqeyqxkrnhfr.supabase.co/storage/v1/object/public/user-images/collages/imga5509b1d.jpg,,cms
cdc3b701-0462-4c3a-a336-7a4cac86055d,https://qpvuwzztqqeyqxkrnhfr.supabase.co/storage/v1/object/public/user-images/collages/img9f8e09bb.jpg,,cms
e2944912-019c-4cb6-a1a8-00cc51e73082,https://qpvuwzztqqeyqxkrnhfr.supabase.co/storage/v1/object/public/user-images/collages/img3e88d977.jpg,,cms
39869c91-03af-45ab-aaf0-0c74ed56aef3,https://qpvuwzztqqeyqxkrnhfr.supabase.co/storage/v1/object/public/user-images/collages/imgdb45e7f2.jpg,,cms
5c14d1ec-9066-4a44-9fda-4b2ccb0d5639,https://qpvuwzztqqeyqxkrnhfr.supabase.co/storage/v1/object/public/user-images/collages/imgb89940e8.jpg,,cms
93fa4f1a-121f-4956-aa24-9fafb5e2ca04,https://qpvuwzztqqeyqxkrnhfr.supabase.co/storage/v1/object/public/user-images/collages/img40b5c323.jpg,,cms
a244e642-c0fa-4b41-8c15-8cac77827871,https://qpvuwzztqqeyqxkrnhfr.supabase.co/storage/v1/object/public/user-images/collages/imgdc15cf77.jpg,,cms
8b6cf26f-acf3-4017-8557-5cf4d90ba84d,https://qpvuwzztqqeyqxkrnhfr.supabase.co/storage/v1/object/public/user-images/collages/img43c3f7ca.jpg,,cms
52785945-a9f1-4af4-8642-2dcf363bf6ae,https://qpvuwzztqqeyqxkrnhfr.supabase.co/storage/v1/object/public/user-images/collages/imgc8826142.jpg,,cms
f90fa745-e2a9-4c07-86a4-94dc28d5d91f,https://qpvuwzztqqeyqxkrnhfr.supabase.co/storage/v1/object/public/user-images/collages/img9e5be7a7.jpg,,cms
338d8d52-6bc0-4b31-ba71-501c10fb559a,https://qpvuwzztqqeyqxkrnhfr.supabase.co/storage/v1/object/public/user-images/collages/img362d07d3.jpg,,cms
03ab279c-6e4f-487a-8975-a38a4c0e486e,https://qpvuwzztqqeyqxkrnhfr.supabase.co/storage/v1/object/public/user-images/collages/img43946c55.jpg,,cms
c1732c82-b181-4c84-b56c-ce3c2147089d,https://qpvuwzztqqeyqxkrnhfr.supabase.co/storage/v1/object/public/user-images/collages/img399259c8.jpg,,cms
bc73598b-3c1f-401d-8df4-e943913c4fac,https://qpvuwzztqqeyqxkrnhfr.supabase.co/storage/v1/object/public/user-images/collages/img77a6ca84.jpg,,cms
1f023469-770e-49d1-9370-b697da6c42e1,https://qpvuwzztqqeyqxkrnhfr.supabase.co/storage/v1/object/public/user-images/collages/img2c22ca6b.jpg,,cms
3f95493c-1d20-4356-b686-791d20aca502,https://qpvuwzztqqeyqxkrnhfr.supabase.co/storage/v1/object/public/user-images/collages/img2a3c9a42.jpg,,cms
4d023c20-7bc2-432e-8251-6e26442cf69e,https://qpvuwzztqqeyqxkrnhfr.supabase.co/storage/v1/object/public/user-images/collages/img340c5285.jpg,,cms
9e20b703-ca92-45ba-908e-60489696061f,https://qpvuwzztqqeyqxkrnhfr.supabase.co/storage/v1/object/public/user-images/collages/img5cd0871e.jpg,,cms
0ccc412d-ab0e-40bd-bb18-492ca2d8fb29,https://qpvuwzztqqeyqxkrnhfr.supabase.co/storage/v1/object/public/user-images/collages/imga13399f4.jpg,,cms
9e0d5229-15a1-46d1-ac24-10cba513f656,https://qpvuwzztqqeyqxkrnhfr.supabase.co/storage/v1/object/public/user-images/collages/img7fe06670.jpg,,cms
98d9378f-b82b-440d-80ea-fbfa22a6529e,https://qpvuwzztqqeyqxkrnhfr.supabase.co/storage/v1/object/public/user-images/collages/img071765f6.jpg,,cms
18c9079e-58d1-4a18-ae32-ecfd6dd6ff39,https://qpvuwzztqqeyqxkrnhfr.supabase.co/storage/v1/object/public/user-images/collages/img8112192a.jpg,,cms
6d046c8a-729c-4336-9c0f-8626679891a9,https://qpvuwzztqqeyqxkrnhfr.supabase.co/storage/v1/object/public/user-images/collages/img28544c87.jpg,,cms
08565cc6-0a20-49f7-a104-6af40c012b92,https://qpvuwzztqqeyqxkrnhfr.supabase.co/storage/v1/object/public/user-images/collages/img30e8b385.jpg,,cms
f10a34d5-b0b8-4514-9cc1-f29b77a0e889,https://qpvuwzztqqeyqxkrnhfr.supabase.co/storage/v1/object/public/user-images/collages/img02d03d82.jpg,,cms
3fabf51a-570a-4f3e-ad1c-b12fe3ac84e2,https://qpvuwzztqqeyqxkrnhfr.supabase.co/storage/v1/object/public/user-images/collages/img061a6820.jpg,,cms
53a87437-3207-4664-8fba-ed26ab493a49,https://qpvuwzztqqeyqxkrnhfr.supabase.co/storage/v1/object/public/user-images/collages/img066213af.jpg,,cms
8fc5c11b-e4cd-4904-8c4e-e1e2b573d637,https://qpvuwzztqqeyqxkrnhfr.supabase.co/storage/v1/object/public/user-images/collages/img07053e5e.jpg,,cms
99bf6c4a-dd19-48a1-8792-a607ebfb86c5,https://qpvuwzztqqeyqxkrnhfr.supabase.co/storage/v1/object/public/user-images/collages/img07dfb9ed.jpg,,cms
6872aecf-50c6-44fa-ad62-66f3e66f1636,https://qpvuwzztqqeyqxkrnhfr.supabase.co/storage/v1/object/public/user-images/collages/img08a039e3.jpg,,cms
e75f3eea-a902-4fd4-9ce9-a0f53e3fb3f3,https://qpvuwzztqqeyqxkrnhfr.supabase.co/storage/v1/object/public/user-images/collages/imgb41b393b.jpg,,cms
16391d09-cf21-46f1-8008-d2a90945777c,https://qpvuwzztqqeyqxkrnhfr.supabase.co/storage/v1/object/public/user-images/collages/img08be4086.jpg,,cms
36417a78-e233-4d60-b840-69ae9b6ae725,https://qpvuwzztqqeyqxkrnhfr.supabase.co/storage/v1/object/public/user-images/collages/img09297d25.jpg,,cms
ae0263b7-35d8-46df-907f-a45c9d866555,https://qpvuwzztqqeyqxkrnhfr.supabase.co/storage/v1/object/public/user-images/collages/img0b044b09.jpg,,cms
92afb726-c69c-4266-bde1-56411385115d,https://qpvuwzztqqeyqxkrnhfr.supabase.co/storage/v1/object/public/user-images/collages/img0c2a119d.jpg,,cms
53aeeb2f-bd02-4453-a0b7-f84988298716,https://qpvuwzztqqeyqxkrnhfr.supabase.co/storage/v1/object/public/user-images/collages/img0d0ee5d4.jpg,,cms
33effb51-824f-4e2c-b37c-254699fa549e,https://qpvuwzztqqeyqxkrnhfr.supabase.co/storage/v1/object/public/user-images/collages/img0de60213.jpg,,cms
5b9a1092-1cc0-485c-905d-0bf10dedcb86,https://qpvuwzztqqeyqxkrnhfr.supabase.co/storage/v1/object/public/user-images/collages/img10b1ba17.jpg,,cms
e0664029-5d19-46da-b078-0531d8d0b181,https://qpvuwzztqqeyqxkrnhfr.supabase.co/storage/v1/object/public/user-images/collages/img11490f26.jpg,,cms
e8f0eca4-4598-403e-9cfe-aae638dacc05,https://qpvuwzztqqeyqxkrnhfr.supabase.co/storage/v1/object/public/user-images/collages/img11ebd172.jpg,,cms
49e2149e-3d79-465e-9297-fcf92bd61f87,https://qpvuwzztqqeyqxkrnhfr.supabase.co/storage/v1/object/public/user-images/collages/img1247d3ce.jpg,,cms
17deff95-e6d3-496c-ac4e-5ee740f7312e,https://qpvuwzztqqeyqxkrnhfr.supabase.co/storage/v1/object/public/user-images/collages/img138fd86b.jpg,,cms
04a3e19d-be47-4544-828f-20b624ac5437,https://qpvuwzztqqeyqxkrnhfr.supabase.co/storage/v1/object/public/user-images/collages/img165b3834.jpg,,cms
7fe0dfe1-a5ba-4b07-a368-78b27c9550d2,https://qpvuwzztqqeyqxkrnhfr.supabase.co/storage/v1/object/public/user-images/collages/img1830d5d7.jpg,,cms
39945420-d316-42de-9cee-b2541f2bcc6b,https://qpvuwzztqqeyqxkrnhfr.supabase.co/storage/v1/object/public/user-images/collages/img007d4097.jpg,,cms
8959184a-439e-4e85-8ddf-5bbfb431f4e4,https://qpvuwzztqqeyqxkrnhfr.supabase.co/storage/v1/object/public/user-images/collages/img1dd00e81.jpg,,cms
9de6575e-5de0-4188-9995-5f81b4ef908a,https://qpvuwzztqqeyqxkrnhfr.supabase.co/storage/v1/object/public/user-images/collages/img1ddf0823.jpg,,cms
6f98c358-112b-4e72-a535-f8ddb675b8db,https://qpvuwzztqqeyqxkrnhfr.supabase.co/storage/v1/object/public/user-images/collages/img20fe17cd.jpg,,cms
051effb6-08ae-40f1-801e-e6f4c8e7c31c,https://qpvuwzztqqeyqxkrnhfr.supabase.co/storage/v1/object/public/user-images/collages/img22084542.jpg,,cms
181c0a7b-8149-46eb-95ca-cb7f67f0292f,https://qpvuwzztqqeyqxkrnhfr.supabase.co/storage/v1/object/public/user-images/collages/img27e3fe6a.jpg,,cms
4482405c-1e7c-43dc-98aa-be0a73c45d9a,https://qpvuwzztqqeyqxkrnhfr.supabase.co/storage/v1/object/public/user-images/collages/img2a4a360a.jpg,,cms
5f122f94-05bb-4b67-b361-0e5329e432b4,https://qpvuwzztqqeyqxkrnhfr.supabase.co/storage/v1/object/public/user-images/collages/img2e51b132.jpg,,cms
820a8d42-53e2-4ccb-9c67-46e4c060caca,https://qpvuwzztqqeyqxkrnhfr.supabase.co/storage/v1/object/public/user-images/collages/img36d838d6.jpg,,cms
66c8a9de-06b0-485e-8123-de83beeec43f,https://qpvuwzztqqeyqxkrnhfr.supabase.co/storage/v1/object/public/user-images/collages/img40f7c489.jpg,,cms
b8c89762-60a2-4c72-ab5b-62fbf8c6717e,https://qpvuwzztqqeyqxkrnhfr.supabase.co/storage/v1/object/public/user-images/collages/img425b8252.jpg,,cms
b7b57f2f-c392-480d-a671-59e57f2446ce,https://qpvuwzztqqeyqxkrnhfr.supabase.co/storage/v1/object/public/user-images/collages/img43f48db2.jpg,,cms
0fb0f6f1-a718-4d20-8af0-ec9fc00dcc85,https://qpvuwzztqqeyqxkrnhfr.supabase.co/storage/v1/object/public/user-images/collages/img45716dd1.jpg,,cms
b03ae67f-a7bb-4732-9958-95e0534f055f,https://qpvuwzztqqeyqxkrnhfr.supabase.co/storage/v1/object/public/user-images/collages/img4cb0049f.jpg,,cms
38da4e25-9b26-4244-8b17-99e2ac3e0a21,https://qpvuwzztqqeyqxkrnhfr.supabase.co/storage/v1/object/public/user-images/collages/img1bdb3977.jpg,,cms
a330e515-3383-45d4-ae32-2471872dc33a,https://qpvuwzztqqeyqxkrnhfr.supabase.co/storage/v1/object/public/user-images/collages/img4d0aea0a.jpg,,cms
a939c958-0b40-456f-8f4e-20420eedc63d,https://qpvuwzztqqeyqxkrnhfr.supabase.co/storage/v1/object/public/user-images/collages/img505b2abf.jpg,,cms
b4949c0d-29f2-44e6-b20a-4d5ca57f167a,https://qpvuwzztqqeyqxkrnhfr.supabase.co/storage/v1/object/public/user-images/collages/img525121ae.jpg,,cms
1ccd882e-f97e-4315-a419-b80bc904ee9e,https://qpvuwzztqqeyqxkrnhfr.supabase.co/storage/v1/object/public/user-images/collages/img5407acbd.jpg,,cms
a71ab793-aee6-4e6d-90a0-6c3dd2040295,https://qpvuwzztqqeyqxkrnhfr.supabase.co/storage/v1/object/public/user-images/collages/img54713302.jpg,,cms
8a72fc77-af17-4e54-b227-61894af724dd,https://qpvuwzztqqeyqxkrnhfr.supabase.co/storage/v1/object/public/user-images/collages/img59f843be.jpg,,cms
0def9a1c-c4ba-4238-82c9-3847a5e96e28,https://qpvuwzztqqeyqxkrnhfr.supabase.co/storage/v1/object/public/user-images/collages/img5ef277bd.jpg,,cms
a4c9d210-dd83-433f-9609-5d7e872c5e0a,https://qpvuwzztqqeyqxkrnhfr.supabase.co/storage/v1/object/public/user-images/collages/img61d02b2f.jpg,,cms
1f947775-b244-4542-9107-591eec678012,https://qpvuwzztqqeyqxkrnhfr.supabase.co/storage/v1/object/public/user-images/collages/img61d409fa.jpg,,cms
64e6ce87-ab00-4170-9527-ce7cc7bdaf43,https://qpvuwzztqqeyqxkrnhfr.supabase.co/storage/v1/object/public/user-images/collages/img643b9dac.jpg,,cms
42ddaf10-beb8-452e-9489-83aba75987f4,https://qpvuwzztqqeyqxkrnhfr.supabase.co/storage/v1/object/public/user-images/collages/img65c67d01.jpg,,cms
6ff1bc63-e7f2-4f46-89a9-5a9556a7f82f,https://qpvuwzztqqeyqxkrnhfr.supabase.co/storage/v1/object/public/user-images/collages/img6e0ff79d.jpg,,cms
53fbcc3a-79b8-4fe9-a80e-5ae09d51e527,https://qpvuwzztqqeyqxkrnhfr.supabase.co/storage/v1/object/public/user-images/collages/img73f6f177.jpg,,cms
ce2901ab-ebd5-4b49-a05a-4a300319da28,https://qpvuwzztqqeyqxkrnhfr.supabase.co/storage/v1/object/public/user-images/collages/img8e163d31.jpg,,cms
8ec3f7e0-7a67-48cb-9e1f-43ffe5e3cfbc,https://qpvuwzztqqeyqxkrnhfr.supabase.co/storage/v1/object/public/user-images/collages/img76e373e0.jpg,,cms
5ee175d5-312c-42ff-bb76-0ea572c717d7,https://qpvuwzztqqeyqxkrnhfr.supabase.co/storage/v1/object/public/user-images/collages/img7d695a38.jpg,,cms
b26fdc40-5e6f-4e54-8665-30695401b02e,https://qpvuwzztqqeyqxkrnhfr.supabase.co/storage/v1/object/public/user-images/collages/img7e6bf6f9.jpg,,cms
64175086-38bc-4d61-9af9-3ca4708b7293,https://qpvuwzztqqeyqxkrnhfr.supabase.co/storage/v1/object/public/user-images/collages/img7f9b117a.jpg,,cms
8db0235b-e6a7-45da-a319-7454ec680366,https://qpvuwzztqqeyqxkrnhfr.supabase.co/storage/v1/object/public/user-images/collages/img80e05dd0.jpg,,cms
61b0b724-cc68-4c7a-ae8f-ae4900cf3c87,https://qpvuwzztqqeyqxkrnhfr.supabase.co/storage/v1/object/public/user-images/collages/img8247fc6a.jpg,,cms
e8905ac2-2921-4e14-9d74-7dee9db216f0,https://qpvuwzztqqeyqxkrnhfr.supabase.co/storage/v1/object/public/user-images/collages/img8304a875.jpg,,cms
d933f564-8561-4aa6-85a1-2e6d09ae4e59,https://qpvuwzztqqeyqxkrnhfr.supabase.co/storage/v1/object/public/user-images/collages/img8a5ced78.jpg,,cms
90e1fb87-59d5-4e90-91e5-c5ced73de4f0,https://qpvuwzztqqeyqxkrnhfr.supabase.co/storage/v1/object/public/user-images/collages/img8a5ff791.jpg,,cms
369ddf57-19ba-4a9d-a1e5-b1a813567f64,https://qpvuwzztqqeyqxkrnhfr.supabase.co/storage/v1/object/public/user-images/collages/img9075e044.jpg,,cms
6409084f-4013-4a7a-84de-515d67bc6db1,https://qpvuwzztqqeyqxkrnhfr.supabase.co/storage/v1/object/public/user-images/collages/img90bc2c58.jpg,,cms
011cb57e-c03a-47d0-9049-2afb550d8f2f,https://qpvuwzztqqeyqxkrnhfr.supabase.co/storage/v1/object/public/user-images/collages/img91ef9c84.jpg,,cms
54a04681-f749-4048-9c84-4916b5cd43bf,https://qpvuwzztqqeyqxkrnhfr.supabase.co/storage/v1/object/public/user-images/collages/img925da56d.jpg,,cms
d56b8965-d96d-4300-b2f3-23e26ad7a4fe,https://qpvuwzztqqeyqxkrnhfr.supabase.co/storage/v1/object/public/user-images/collages/img74469856.jpg,,cms
5dbb73ed-91e2-4f4e-816c-dbbe2163449e,https://qpvuwzztqqeyqxkrnhfr.supabase.co/storage/v1/object/public/user-images/collages/img9355fed8.jpg,,cms
e0ee1947-a814-4b56-ae40-3f6f8a454257,https://qpvuwzztqqeyqxkrnhfr.supabase.co/storage/v1/object/public/user-images/collages/img94d629b7.jpg,,cms
3b2a908a-753b-4132-97db-207cefebdd61,https://qpvuwzztqqeyqxkrnhfr.supabase.co/storage/v1/object/public/user-images/collages/img95a1d81a.jpg,,cms
ad487945-d217-4dfb-a163-bf7d97f27403,https://qpvuwzztqqeyqxkrnhfr.supabase.co/storage/v1/object/public/user-images/collages/img98dbb6e2.jpg,,cms
f929a1d7-de4b-4d5b-9611-2c1b35c4a2da,https://qpvuwzztqqeyqxkrnhfr.supabase.co/storage/v1/object/public/user-images/collages/img9ae9573c.jpg,,cms
ffe5f40a-3f5b-48f3-846f-04b1910058f2,https://qpvuwzztqqeyqxkrnhfr.supabase.co/storage/v1/object/public/user-images/collages/img9b1d2ab0.jpg,,cms
c753dbd5-c5ac-4568-ad52-5816a3e8009a,https://qpvuwzztqqeyqxkrnhfr.supabase.co/storage/v1/object/public/user-images/collages/img9c844844.jpg,,cms
cce2eaab-074d-414d-a119-0ef64b4b2dda,https://qpvuwzztqqeyqxkrnhfr.supabase.co/storage/v1/object/public/user-images/collages/img9d828663.jpg,,cms
75302058-cb9d-4c6d-94ad-649facb9bc12,https://qpvuwzztqqeyqxkrnhfr.supabase.co/storage/v1/object/public/user-images/collages/imga4f9e712.jpg,,cms
a00651ed-2913-4331-a00a-309f82a31205,https://qpvuwzztqqeyqxkrnhfr.supabase.co/storage/v1/object/public/user-images/collages/img9e26f6ff.jpg,,cms
5da8f8ec-3df3-4860-b6c6-f828c7d96aaf,https://qpvuwzztqqeyqxkrnhfr.supabase.co/storage/v1/object/public/user-images/collages/img5acc9ae5.jpg,,cms
c63e4cb3-0290-472b-b09b-33d78b97893d,https://qpvuwzztqqeyqxkrnhfr.supabase.co/storage/v1/object/public/user-images/collages/img7689fc70.jpg,,cms
fa549f92-b32e-48e8-a3ed-33a591a9fe92,https://qpvuwzztqqeyqxkrnhfr.supabase.co/storage/v1/object/public/user-images/collages/imgf1288538.jpg,,cms
662f2d2f-b93b-423a-8694-9abafdd0cf5e,https://qpvuwzztqqeyqxkrnhfr.supabase.co/storage/v1/object/public/user-images/collages/imgd5d61aae.jpg,,cms
afdf5e1b-6daf-4de5-8f6c-7c557571bdd6,https://qpvuwzztqqeyqxkrnhfr.supabase.co/storage/v1/object/public/user-images/collages/img006ca775.jpg,,cms
115e3ac5-d210-44cd-a00e-b5fe3ebd265a,https://qpvuwzztqqeyqxkrnhfr.supabase.co/storage/v1/object/public/user-images/collages/img20518e04.jpg,,cms
54b91d29-ca3e-427e-885c-ba02b59abc58,https://qpvuwzztqqeyqxkrnhfr.supabase.co/storage/v1/object/public/user-images/collages/img5a31df3b.jpg,,cms
c752e3bd-95dc-44d8-864f-5da5400e9238,https://qpvuwzztqqeyqxkrnhfr.supabase.co/storage/v1/object/public/user-images/collages/img7ab47798.jpg,,cms
155192ac-01ac-48aa-a76f-ab86662d547a,https://qpvuwzztqqeyqxkrnhfr.supabase.co/storage/v1/object/public/user-images/collages/imgfa93fdc7.jpg,,cms
f9b37f7c-e4d5-46f3-bc1b-1e36a86f3fd1,https://qpvuwzztqqeyqxkrnhfr.supabase.co/storage/v1/object/public/user-images/collages/img81b3cdfd.jpg,,cms
0241631f-cc34-4ccd-8f9f-b7867404f535,https://qpvuwzztqqeyqxkrnhfr.supabase.co/storage/v1/object/public/user-images/collages/img8185ad86.jpg,,cms
6241d91b-7c52-44b9-b03b-6921192939c5,https://qpvuwzztqqeyqxkrnhfr.supabase.co/storage/v1/object/public/user-images/collages/img45bf38d0.jpg,,cms
89866777-c07a-4eee-bbcc-b35dbd4c5b75,https://qpvuwzztqqeyqxkrnhfr.supabase.co/storage/v1/object/public/user-images/collages/img042cffa2.jpg,,cms
88c5921f-7c1b-4f6e-b7f6-2c888fd7a630,https://qpvuwzztqqeyqxkrnhfr.supabase.co/storage/v1/object/public/user-images/collages/img982016de.jpg,,cms
ebc57635-bc61-4746-afd7-e4538e08ae37,https://qpvuwzztqqeyqxkrnhfr.supabase.co/storage/v1/object/public/user-images/collages/img89440294.jpg,,cms
6efc643d-c62c-4c5b-b8a1-3cdcd307c958,https://qpvuwzztqqeyqxkrnhfr.supabase.co/storage/v1/object/public/user-images/collages/imgb90420c5.jpg,,cms
ee47068a-6070-4340-9321-0e52f7430df3,https://qpvuwzztqqeyqxkrnhfr.supabase.co/storage/v1/object/public/user-images/collages/imgc26dbd57.jpg,,cms
1900e5f1-1d7a-40b7-a67c-8a66945bed7e,https://qpvuwzztqqeyqxkrnhfr.supabase.co/storage/v1/object/public/user-images/collages/img2a9a3b8d.jpg,,cms
23e2c20a-53dc-4dd3-ba93-8561116f63b9,https://qpvuwzztqqeyqxkrnhfr.supabase.co/storage/v1/object/public/user-images/collages/imgd0166e4a.jpg,,cms
d1bb3a2c-6cfd-4cbd-89b7-9ebb5803ce26,https://qpvuwzztqqeyqxkrnhfr.supabase.co/storage/v1/object/public/user-images/collages/img29d9bb5d.jpg,,cms
bccaac65-3095-4dc9-ac3b-e447db525fc3,https://qpvuwzztqqeyqxkrnhfr.supabase.co/storage/v1/object/public/user-images/collages/imgf473a255.jpg,,cms
ea2629a0-5ac2-4dc4-a11f-747a155c57db,https://qpvuwzztqqeyqxkrnhfr.supabase.co/storage/v1/object/public/user-images/collages/img051047a3.jpg,,cms
a27ef2aa-4ac4-4b7c-82b7-822016ba3004,https://qpvuwzztqqeyqxkrnhfr.supabase.co/storage/v1/object/public/user-images/collages/img11e31da4.jpg,,cms
4f76b25f-b708-4166-b9e5-d6a9f223b49f,https://qpvuwzztqqeyqxkrnhfr.supabase.co/storage/v1/object/public/user-images/collages/imged825281.jpg,,cms
2c8d9544-6002-4853-80ca-45512fa262bf,https://qpvuwzztqqeyqxkrnhfr.supabase.co/storage/v1/object/public/user-images/collages/img618c8975.jpg,,cms
6b361978-2372-4b32-bf87-100a78036869,https://qpvuwzztqqeyqxkrnhfr.supabase.co/storage/v1/object/public/user-images/collages/img0c86258b.jpg,,cms
a1699995-823f-408d-8220-57a015795c94,https://qpvuwzztqqeyqxkrnhfr.supabase.co/storage/v1/object/public/user-images/collages/imgd8d14fad.jpg,,cms
361bf53b-ac83-4c60-a352-0d70342b7e08,https://qpvuwzztqqeyqxkrnhfr.supabase.co/storage/v1/object/public/user-images/collages/imgf80fd84e.jpg,,cms
9c38f98a-d903-4dd1-9874-8062a7a61466,https://qpvuwzztqqeyqxkrnhfr.supabase.co/storage/v1/object/public/user-images/collages/img08ba7c2a.jpg,,cms
2dd05e6c-b7ea-41d3-9ded-76b6793498f2,https://qpvuwzztqqeyqxkrnhfr.supabase.co/storage/v1/object/public/user-images/collages/img67d8c2a5.jpg,,cms
8e8c1fa8-93e9-4732-ae65-87d8999ae004,https://qpvuwzztqqeyqxkrnhfr.supabase.co/storage/v1/object/public/user-images/collages/img48d8e868.jpg,,cms
294349eb-0fa9-43c0-b9cc-0c368daf9c03,https://qpvuwzztqqeyqxkrnhfr.supabase.co/storage/v1/object/public/user-images/collages/img8dd41d35.jpg,,cms
bfd61957-9afe-4026-8fb4-06a3783cc2f2,https://qpvuwzztqqeyqxkrnhfr.supabase.co/storage/v1/object/public/user-images/collages/imgd9939f37.jpg,,cms
f62ae041-be23-4635-a8ac-e3a3f2b67492,https://qpvuwzztqqeyqxkrnhfr.supabase.co/storage/v1/object/public/user-images/collages/img8e313b0b.jpg,,cms
85697bd3-8455-4e97-97a7-5b7782d3fe68,https://qpvuwzztqqeyqxkrnhfr.supabase.co/storage/v1/object/public/user-images/collages/imgbb8ce252.jpg,,cms
36bda06a-aef3-4d74-be28-7d59b92c3e07,https://qpvuwzztqqeyqxkrnhfr.supabase.co/storage/v1/object/public/user-images/collages/imgaf03a47b.jpg,,cms
a26d1e0f-266a-41ca-b04b-f0e69605ba29,https://qpvuwzztqqeyqxkrnhfr.supabase.co/storage/v1/object/public/user-images/collages/img69bdaf84.jpg,,cms
9400308c-df5c-4a91-9231-92945b0b5ab7,https://qpvuwzztqqeyqxkrnhfr.supabase.co/storage/v1/object/public/user-images/collages/img219b09a9.jpg,,cms
9bfe3b24-266b-4b1e-a681-b0f4c2bfc4bd,https://qpvuwzztqqeyqxkrnhfr.supabase.co/storage/v1/object/public/user-images/collages/imgde613dce.jpg,,cms
f60a3204-af78-4ac4-8587-adc666fa7fad,https://qpvuwzztqqeyqxkrnhfr.supabase.co/storage/v1/object/public/user-images/collages/imgb7d2dcf5.jpg,,cms
b58b07e1-9c6d-40d8-9f1b-893294280194,https://qpvuwzztqqeyqxkrnhfr.supabase.co/storage/v1/object/public/user-images/collages/img435e77d5.jpg,,cms
7b9b13d1-1e3c-4796-b349-88e88cff0cec,https://qpvuwzztqqeyqxkrnhfr.supabase.co/storage/v1/object/public/user-images/collages/imgaf023981.jpg,,cms
d8277e37-7c8f-4725-a6c5-3e5db0eebe8c,https://qpvuwzztqqeyqxkrnhfr.supabase.co/storage/v1/object/public/user-images/collages/img871f55f9.jpg,,cms
20933c77-6585-4964-b591-e3aa5d37ff47,https://qpvuwzztqqeyqxkrnhfr.supabase.co/storage/v1/object/public/user-images/collages/imgf4ca51d8.jpg,,cms
283a0634-c13c-438c-bf25-e4b1a0b1a5c0,https://qpvuwzztqqeyqxkrnhfr.supabase.co/storage/v1/object/public/user-images/collages/imgd2975ade.jpg,,cms
cb026f6a-652a-47a6-826e-17dd48ae1da6,https://qpvuwzztqqeyqxkrnhfr.supabase.co/storage/v1/object/public/user-images/collages/img025e3e54.jpg,,cms
1501090e-13c8-4666-923a-073d1cdcf7d8,https://qpvuwzztqqeyqxkrnhfr.supabase.co/storage/v1/object/public/user-images/collages/imgf35717ea.jpg,,cms
46d5b44e-725f-4098-932d-ff7d4aaa3503,https://qpvuwzztqqeyqxkrnhfr.supabase.co/storage/v1/object/public/user-images/collages/imgb3b82d96.jpg,,cms
0c63ef66-327f-45d7-9f5c-d3114ac8cfa4,https://qpvuwzztqqeyqxkrnhfr.supabase.co/storage/v1/object/public/user-images/collages/img89ae1cb5.jpg,,cms
8c3f89b5-f6ed-454b-9869-41745c493de7,https://qpvuwzztqqeyqxkrnhfr.supabase.co/storage/v1/object/public/user-images/collages/img90aab00b.jpg,,cms
0fc2a44c-bc5e-4d14-9e55-d37983cf424d,https://qpvuwzztqqeyqxkrnhfr.supabase.co/storage/v1/object/public/user-images/collages/img3da55198.jpg,,cms
26ecb03d-89f8-4a48-9ad3-20fe36e985ff,https://qpvuwzztqqeyqxkrnhfr.supabase.co/storage/v1/object/public/user-images/collages/img310f4fbc.jpg,,cms
aaa832b4-d1d4-4ba5-b9a0-5f7389c37040,https://qpvuwzztqqeyqxkrnhfr.supabase.co/storage/v1/object/public/user-images/collages/img73c285c6.jpg,,cms
11af356f-efa1-403a-b18a-7584fdbb2efa,https://qpvuwzztqqeyqxkrnhfr.supabase.co/storage/v1/object/public/user-images/collages/img14837454.jpg,,cms
8f56f319-7495-4498-b6d0-5d458ec34f95,https://qpvuwzztqqeyqxkrnhfr.supabase.co/storage/v1/object/public/user-images/collages/imgfffd72f0.jpg,,cms
2b92fc6b-baa6-4fdd-abe8-753e2350b476,https://qpvuwzztqqeyqxkrnhfr.supabase.co/storage/v1/object/public/user-images/collages/img5e82cc30.jpg,,cms
3baeda6e-b41c-4087-84a8-d658daa6dfa7,https://qpvuwzztqqeyqxkrnhfr.supabase.co/storage/v1/object/public/user-images/collages/imga3b138cf.jpg,,cms
b29d6f84-f4de-4949-92a9-18f491c7ff98,https://qpvuwzztqqeyqxkrnhfr.supabase.co/storage/v1/object/public/user-images/collages/img1c48439b.jpg,,cms
4a6f7581-a496-4be2-9695-32313039b8d7,https://qpvuwzztqqeyqxkrnhfr.supabase.co/storage/v1/object/public/user-images/collages/img5cf883c1.jpg,,cms
68f0db9b-434c-49b1-a023-8a01fc0806ae,https://qpvuwzztqqeyqxkrnhfr.supabase.co/storage/v1/object/public/user-images/collages/img7a05b9d0.jpg,,cms
daa965ef-370c-4488-8a0d-14e6f4ef5f8e,https://qpvuwzztqqeyqxkrnhfr.supabase.co/storage/v1/object/public/user-images/collages/imgf4aaa0b0.jpg,,cms
a2b7a695-3181-41db-b322-be8377f16273,https://qpvuwzztqqeyqxkrnhfr.supabase.co/storage/v1/object/public/user-images/collages/img24fb1269.jpg,,cms
d12c4ffd-8dfc-49e7-a72a-6d5b8f6f9c07,https://qpvuwzztqqeyqxkrnhfr.supabase.co/storage/v1/object/public/user-images/collages/imgfb3af322.jpg,,cms
e97a9695-1401-45b7-a004-51e6f88545df,https://qpvuwzztqqeyqxkrnhfr.supabase.co/storage/v1/object/public/user-images/collages/img45ba4d6a.jpg,,cms
8e9b6e86-8ebe-4349-9cc9-7f785259776e,https://qpvuwzztqqeyqxkrnhfr.supabase.co/storage/v1/object/public/user-images/collages/imgc3a71161.jpg,,cms
6f6996c6-ef91-4f07-9b7e-c6b2003350e1,https://qpvuwzztqqeyqxkrnhfr.supabase.co/storage/v1/object/public/user-images/collages/img56e0988d.jpg,,cms
fb48a0b7-1b9b-4739-a743-a565da810fe4,https://qpvuwzztqqeyqxkrnhfr.supabase.co/storage/v1/object/public/user-images/collages/img432830e3.jpg,,cms
55c679fe-12d7-424f-a331-53b5c93f5fa9,https://qpvuwzztqqeyqxkrnhfr.supabase.co/storage/v1/object/public/user-images/collages/img5a33430a.jpg,,cms
d128a5dd-0c9b-43c8-8b5a-76073ea121d2,https://qpvuwzztqqeyqxkrnhfr.supabase.co/storage/v1/object/public/user-images/collages/imgdbb8cc92.jpg,,cms
4b793e0d-b515-4f7f-9839-ab7148867360,https://qpvuwzztqqeyqxkrnhfr.supabase.co/storage/v1/object/public/user-images/collages/img410d77b4.jpg,,cms
b02c0103-3fea-42c3-b204-9b967bea30fe,https://qpvuwzztqqeyqxkrnhfr.supabase.co/storage/v1/object/public/user-images/collages/imgea417d2f.jpg,,cms
8c6a30fa-1b13-41a6-9861-a85cdf4d0f37,https://qpvuwzztqqeyqxkrnhfr.supabase.co/storage/v1/object/public/user-images/collages/imga7e700b0.jpg,,cms
5345229b-fb0f-47ea-b8ca-3633096673bd,https://qpvuwzztqqeyqxkrnhfr.supabase.co/storage/v1/object/public/user-images/collages/imgd21fef89.jpg,,cms
004d572d-3522-4488-9279-1ab66a0f6c57,https://qpvuwzztqqeyqxkrnhfr.supabase.co/storage/v1/object/public/user-images/collages/imgf944368f.jpg,,cms
efaca7a2-6ae2-4be3-b23c-6069ea1fd079,https://qpvuwzztqqeyqxkrnhfr.supabase.co/storage/v1/object/public/user-images/collages/imgbe6a4eed.jpg,,cms
7b97b318-d0d8-49e5-84af-a8453378255b,https://qpvuwzztqqeyqxkrnhfr.supabase.co/storage/v1/object/public/user-images/collages/img417a6ab7.jpg,,cms
76a4f0ae-68b0-4f36-a111-0ad48cdfe552,https://qpvuwzztqqeyqxkrnhfr.supabase.co/storage/v1/object/public/user-images/collages/imga05ebf10.jpg,,cms
c4979639-4811-498f-a3c4-a3d0ace74c2e,https://qpvuwzztqqeyqxkrnhfr.supabase.co/storage/v1/object/public/user-images/collages/img90e51067.jpg,,cms
af3ab2c0-6458-4f15-99a1-6f696ff70e48,https://qpvuwzztqqeyqxkrnhfr.supabase.co/storage/v1/object/public/user-images/collages/img3f538225.jpg,,cms
3bb55b54-0cab-44f5-97a5-02196aa81f0c,https://qpvuwzztqqeyqxkrnhfr.supabase.co/storage/v1/object/public/user-images/collages/img865be7a6.jpg,,cms
c02279ba-9c1e-4ea0-b6f5-44b23452c60c,https://qpvuwzztqqeyqxkrnhfr.supabase.co/storage/v1/object/public/user-images/collages/img14467ab8.jpg,,cms
ebcce993-36f8-4bfa-919a-da722472c1ad,https://qpvuwzztqqeyqxkrnhfr.supabase.co/storage/v1/object/public/user-images/collages/img578690d9.jpg,,cms
249657f3-1ae3-4e45-9f41-551eb5aa8ed6,https://qpvuwzztqqeyqxkrnhfr.supabase.co/storage/v1/object/public/user-images/collages/imga0e25c68.jpg,,cms
ce7a3ae5-8691-4ea8-846c-4e90f9800eb6,https://qpvuwzztqqeyqxkrnhfr.supabase.co/storage/v1/object/public/user-images/collages/img54df4e3f.jpg,,cms
41886a8d-e92b-46b8-a97f-8d79afa4c96c,https://qpvuwzztqqeyqxkrnhfr.supabase.co/storage/v1/object/public/user-images/collages/imgaf944f10.jpg,,cms
d14c8214-a7e5-4bdc-a9e1-9d968db8b3ec,https://qpvuwzztqqeyqxkrnhfr.supabase.co/storage/v1/object/public/user-images/collages/img98be0e7c.jpg,,cms
1a62d18c-dce4-4e83-93d2-77f289d3cf40,https://qpvuwzztqqeyqxkrnhfr.supabase.co/storage/v1/object/public/user-images/collages/imge9b0f28c.jpg,,cms
2864f492-8b07-46fb-a02b-642e48e2413f,https://qpvuwzztqqeyqxkrnhfr.supabase.co/storage/v1/object/public/user-images/collages/img24cdc170.jpg,,cms
875cbfd1-f9c3-4084-a52d-15cc69812d24,https://qpvuwzztqqeyqxkrnhfr.supabase.co/storage/v1/object/public/user-images/collages/imgb25f761d.jpg,,cms
54b9e29c-225f-40ba-843a-2b55c1137a9b,https://qpvuwzztqqeyqxkrnhfr.supabase.co/storage/v1/object/public/user-images/collages/img0eb0fa12.jpg,,cms
bad08527-9594-4747-b2e1-b55ce9e7ad64,https://qpvuwzztqqeyqxkrnhfr.supabase.co/storage/v1/object/public/user-images/collages/imgffbc438c.jpg,,cms
c1f96690-8348-4f47-96b9-36e4783751d0,https://qpvuwzztqqeyqxkrnhfr.supabase.co/storage/v1/object/public/user-images/collages/imgd202b9bf.jpg,,cms
5164ac60-5de6-4e07-a46f-b33e9b550d93,https://qpvuwzztqqeyqxkrnhfr.supabase.co/storage/v1/object/public/user-images/collages/img01c8612c.jpg,,cms
f12dd434-b3ac-4950-b6f8-b51951873091,https://qpvuwzztqqeyqxkrnhfr.supabase.co/storage/v1/object/public/user-images/collages/imgef2a507a.jpg,,cms
e475ef75-37f3-4478-bba1-10c64555a85c,https://qpvuwzztqqeyqxkrnhfr.supabase.co/storage/v1/object/public/user-images/collages/img02cb3331.jpg,,cms
546dc3d5-dd9d-41f7-84b8-db97632ca8e9,https://qpvuwzztqqeyqxkrnhfr.supabase.co/storage/v1/object/public/user-images/collages/imgd74984ad.jpg,,cms
421e62a5-185f-4a4c-9bb8-4f1989ecaa1f,https://qpvuwzztqqeyqxkrnhfr.supabase.co/storage/v1/object/public/user-images/collages/img6c1ab4f1.jpg,,cms
cf1fec19-a780-456b-a11f-22199ad47185,https://qpvuwzztqqeyqxkrnhfr.supabase.co/storage/v1/object/public/user-images/collages/img92edcd7a.jpg,,cms
59487a8c-873f-44dd-9479-2130d07aecd2,https://qpvuwzztqqeyqxkrnhfr.supabase.co/storage/v1/object/public/user-images/collages/imga129f4ea.jpg,,cms
db8e991c-6b7a-4480-90a4-c13b69ab51e4,https://qpvuwzztqqeyqxkrnhfr.supabase.co/storage/v1/object/public/user-images/collages/imgc87d22ef.jpg,,cms
16a20068-5bdf-4826-88a9-291c7a79f005,https://qpvuwzztqqeyqxkrnhfr.supabase.co/storage/v1/object/public/user-images/collages/imgb351076c.jpg,,cms
452c1150-23e7-4853-899e-5640c3d5842e,https://qpvuwzztqqeyqxkrnhfr.supabase.co/storage/v1/object/public/user-images/collages/img6bd58bcb.jpg,,cms
2c1cbb2e-58ed-4afa-9d51-ec652afee3d7,https://qpvuwzztqqeyqxkrnhfr.supabase.co/storage/v1/object/public/user-images/collages/img662d4572.jpg,,cms
33b4bda8-b18f-4165-ad3a-ea4bef4ca156,https://qpvuwzztqqeyqxkrnhfr.supabase.co/storage/v1/object/public/user-images/collages/imge886d3e0.jpg,,cms
2cb109e1-6d56-4358-94df-286616ffbd54,https://qpvuwzztqqeyqxkrnhfr.supabase.co/storage/v1/object/public/user-images/collages/img325bfa8a.jpg,,cms
250b7a0c-8b96-4045-aa98-b2081b32bcc3,https://qpvuwzztqqeyqxkrnhfr.supabase.co/storage/v1/object/public/user-images/collages/img94a51469.jpg,,cms
46fe871c-4ebb-49f7-a4f5-d3e3b26a8897,https://qpvuwzztqqeyqxkrnhfr.supabase.co/storage/v1/object/public/user-images/collages/img74257e01.jpg,,cms
c6cd4463-ec0c-443e-b8d0-7e792c7dcf6a,https://qpvuwzztqqeyqxkrnhfr.supabase.co/storage/v1/object/public/user-images/collages/img5c0ac296.jpg,,cms
68e78ef1-295f-4e04-80dc-851d7c96d4d4,https://qpvuwzztqqeyqxkrnhfr.supabase.co/storage/v1/object/public/user-images/collages/imgc6a9dd92.jpg,,cms
a1dcf75b-3980-40d4-82d1-f638c125bafc,https://qpvuwzztqqeyqxkrnhfr.supabase.co/storage/v1/object/public/user-images/collages/imgaa326c03.jpg,,cms
a1c82430-ec9e-4449-abfc-bba565a1fb53,https://qpvuwzztqqeyqxkrnhfr.supabase.co/storage/v1/object/public/user-images/collages/img14af5558.jpg,,cms
05f636c7-ecb5-407b-afc2-fd5a72022f59,https://qpvuwzztqqeyqxkrnhfr.supabase.co/storage/v1/object/public/user-images/collages/imgffe16d35.jpg,,cms
9b35a5b2-3e84-454d-8d7e-f793251c0860,https://qpvuwzztqqeyqxkrnhfr.supabase.co/storage/v1/object/public/user-images/collages/img5faad59c.jpg,,cms
e78a2592-735d-4ec5-9779-89af5ac4c56f,https://qpvuwzztqqeyqxkrnhfr.supabase.co/storage/v1/object/public/user-images/collages/img6f759359.jpg,,cms
a8ed23c9-bd86-4151-adb0-a7b18d955f39,https://qpvuwzztqqeyqxkrnhfr.supabase.co/storage/v1/object/public/user-images/collages/img110cee01.jpg,,cms
746af48f-513b-4a9e-9784-b61bca76011e,https://qpvuwzztqqeyqxkrnhfr.supabase.co/storage/v1/object/public/user-images/collages/img2b47ece0.jpg,,cms
f53c1b81-da4c-45d2-9bf6-782642af15da,https://qpvuwzztqqeyqxkrnhfr.supabase.co/storage/v1/object/public/user-images/collages/imgb9f571da.jpg,,cms
ec472ed8-3883-44f8-b19f-b5eb75ce3af0,https://qpvuwzztqqeyqxkrnhfr.supabase.co/storage/v1/object/public/user-images/collages/img522be2b7.jpg,,cms
dad2cfaf-5932-48a8-a4c0-582d432e5460,https://qpvuwzztqqeyqxkrnhfr.supabase.co/storage/v1/object/public/user-images/collages/img99665a3d.jpg,,cms
e971830f-23f5-4fca-a37b-38e5e8403b1b,https://qpvuwzztqqeyqxkrnhfr.supabase.co/storage/v1/object/public/user-images/collages/img81b748f8.jpg,,cms
8e7f3200-6b5a-4cb2-ab8c-29def19a2665,https://qpvuwzztqqeyqxkrnhfr.supabase.co/storage/v1/object/public/user-images/collages/img7c27367c.jpg,,cms
98ab7387-7f5c-4443-8bb9-dbc62bc0a239,https://qpvuwzztqqeyqxkrnhfr.supabase.co/storage/v1/object/public/user-images/collages/img66c3bf4f.jpg,,cms
dbc768d6-c5cf-4765-a904-4a633fb1daa8,https://qpvuwzztqqeyqxkrnhfr.supabase.co/storage/v1/object/public/user-images/collages/img5d11a410.jpg,,cms
445b3eaa-941d-499a-8b5c-7f0731270fb0,https://qpvuwzztqqeyqxkrnhfr.supabase.co/storage/v1/object/public/user-images/collages/img432910ff.jpg,,cms
89032b1f-2fb5-41c0-a9ab-b4d45294a21b,https://qpvuwzztqqeyqxkrnhfr.supabase.co/storage/v1/object/public/user-images/collages/img73d7dd84.jpg,,cms
d6f459dc-d414-47a6-bd9e-b9cb8a6de995,https://qpvuwzztqqeyqxkrnhfr.supabase.co/storage/v1/object/public/user-images/collages/img7dbaafa9.jpg,,cms
47058068-5a36-46f5-9c83-d13cd38a9be4,https://qpvuwzztqqeyqxkrnhfr.supabase.co/storage/v1/object/public/user-images/collages/img56b17a1e.jpg,,cms
028642a7-d4ff-4b6c-b7e6-b027ae61829d,https://qpvuwzztqqeyqxkrnhfr.supabase.co/storage/v1/object/public/user-images/collages/img4c28d574.jpg,,cms
bbe1cbe2-b2e8-4e5c-b9b7-630909cd5843,https://qpvuwzztqqeyqxkrnhfr.supabase.co/storage/v1/object/public/user-images/collages/img4d232f6d.jpg,,cms
176c2820-8831-4557-a91b-5768b97b01cb,https://qpvuwzztqqeyqxkrnhfr.supabase.co/storage/v1/object/public/user-images/collages/img49ecd5d2.jpg,,cms
af9f15c0-400c-400a-9a42-ee29e5e027fc,https://qpvuwzztqqeyqxkrnhfr.supabase.co/storage/v1/object/public/user-images/collages/imgc3886217.jpg,,cms
8983b391-f7c0-4ee9-a10f-098c5a3e09ee,https://qpvuwzztqqeyqxkrnhfr.supabase.co/storage/v1/object/public/user-images/collages/img2d1bae92.jpg,,cms
f6b85ad6-a144-409d-8990-4543b3d2fae5,https://qpvuwzztqqeyqxkrnhfr.supabase.co/storage/v1/object/public/user-images/collages/img997d16fa.jpg,,cms
054d3c69-1269-491b-9f08-cd8e7a7f90ae,https://qpvuwzztqqeyqxkrnhfr.supabase.co/storage/v1/object/public/user-images/collages/img07371eeb.jpg,,cms
95d19ad3-863f-43e1-b63d-e08588774671,https://qpvuwzztqqeyqxkrnhfr.supabase.co/storage/v1/object/public/user-images/collages/img21b870d0.jpg,,cms
fcfdcdbf-d328-49af-8d49-453df2c98b71,https://qpvuwzztqqeyqxkrnhfr.supabase.co/storage/v1/object/public/user-images/collages/imgb1e1cb98.jpg,,cms
f0e01ec8-b58f-42e2-b681-745ad54942b3,https://qpvuwzztqqeyqxkrnhfr.supabase.co/storage/v1/object/public/user-images/collages/img6aae25c3.jpg,,cms
f46ca5a0-ebdc-4ae3-ae22-4fd35bc4d45b,https://qpvuwzztqqeyqxkrnhfr.supabase.co/storage/v1/object/public/user-images/collages/img43f3043f.jpg,,cms
a79233c6-e916-47e9-a687-5092062c931c,https://qpvuwzztqqeyqxkrnhfr.supabase.co/storage/v1/object/public/user-images/collages/img253bdf51.jpg,,cms
fda86077-bd03-415b-86f3-67783b14dd43,https://qpvuwzztqqeyqxkrnhfr.supabase.co/storage/v1/object/public/user-images/collages/img4677c2f4.jpg,,cms
3a8eba29-a7ca-493a-b555-e3dd68166ce1,https://qpvuwzztqqeyqxkrnhfr.supabase.co/storage/v1/object/public/user-images/collages/img14e08f31.jpg,,cms
d354d088-8c53-4858-9df1-8b0d2005cbbb,https://qpvuwzztqqeyqxkrnhfr.supabase.co/storage/v1/object/public/user-images/collages/img5f6b6134.jpg,,cms
f5127168-cadc-473e-9878-fcdc304161dd,https://qpvuwzztqqeyqxkrnhfr.supabase.co/storage/v1/object/public/user-images/collages/img082e80b1.jpg,,cms
dbb91663-f23e-4e5a-88e0-48a91f232c34,https://qpvuwzztqqeyqxkrnhfr.supabase.co/storage/v1/object/public/user-images/collages/imge9ae1070.jpg,,cms
07f11fa5-c79e-4cca-b7d9-a1e0dddbeb8e,https://qpvuwzztqqeyqxkrnhfr.supabase.co/storage/v1/object/public/user-images/collages/img5b883065.jpg,,cms
0895096d-a413-4f84-92a2-3fcf5859334f,https://qpvuwzztqqeyqxkrnhfr.supabase.co/storage/v1/object/public/user-images/collages/img2e61af0e.jpg,,cms
96e65348-2d3f-40ca-9f04-07a253017368,https://qpvuwzztqqeyqxkrnhfr.supabase.co/storage/v1/object/public/user-images/collages/img8a81442c.jpg,,cms
b77a2afc-cb05-466a-abbf-77391c60b06f,https://qpvuwzztqqeyqxkrnhfr.supabase.co/storage/v1/object/public/user-images/collages/img8d7dd5bd.jpg,,cms
1f1febe7-4e4b-4df5-95b0-481a7bb13f2c,https://qpvuwzztqqeyqxkrnhfr.supabase.co/storage/v1/object/public/user-images/collages/imga02934fa.jpg,,cms
6b4ee588-fd35-4798-96de-44276289027a,https://qpvuwzztqqeyqxkrnhfr.supabase.co/storage/v1/object/public/user-images/collages/imgbb13ca40.jpg,,cms
9e5bdbf9-20d2-48d9-a81e-f8f71089fec8,https://qpvuwzztqqeyqxkrnhfr.supabase.co/storage/v1/object/public/user-images/collages/imge0ff08da.jpg,,cms
22fa4dfd-3020-4e7d-96ff-bc10354e224b,https://qpvuwzztqqeyqxkrnhfr.supabase.co/storage/v1/object/public/user-images/collages/imgd3e0b9c0.jpg,,cms
25e58849-c194-4aa3-bbc2-9dd308275dae,https://qpvuwzztqqeyqxkrnhfr.supabase.co/storage/v1/object/public/user-images/collages/img149e578c.jpg,,cms
cb4e64dd-4789-4632-bd7f-56e965ab0484,https://qpvuwzztqqeyqxkrnhfr.supabase.co/storage/v1/object/public/user-images/collages/img536b53d6.jpg,,cms
ac791a98-78c5-4ec7-bffa-d3ba7d950d97,https://qpvuwzztqqeyqxkrnhfr.supabase.co/storage/v1/object/public/user-images/collages/img8faa0977.jpg,,cms
b2e2e630-ecd6-49ed-9d02-d5c381a67e13,https://qpvuwzztqqeyqxkrnhfr.supabase.co/storage/v1/object/public/user-images/collages/img5c2cec3f.jpg,,cms
f26040f6-1e43-400d-be29-0c53f908a205,https://qpvuwzztqqeyqxkrnhfr.supabase.co/storage/v1/object/public/user-images/collages/imgf1e6b10f.jpg,,cms
b8187158-ba93-4829-b0c5-c8ba3e663dbf,https://qpvuwzztqqeyqxkrnhfr.supabase.co/storage/v1/object/public/user-images/collages/img21867abb.jpg,,cms
55ce9418-4752-4797-bac0-482b12a240d2,https://qpvuwzztqqeyqxkrnhfr.supabase.co/storage/v1/object/public/user-images/collages/imgb4ace073.jpg,,cms
30d46acf-0165-42be-8af9-b8eab2cc0f28,https://qpvuwzztqqeyqxkrnhfr.supabase.co/storage/v1/object/public/user-images/collages/img58ab4a4c.jpg,,cms
ed0b4cb9-337d-40fe-b290-e892713e10cd,https://qpvuwzztqqeyqxkrnhfr.supabase.co/storage/v1/object/public/user-images/collages/img8de4922c.jpg,,cms
323899aa-a716-4ec5-8bae-70f635adc44b,https://qpvuwzztqqeyqxkrnhfr.supabase.co/storage/v1/object/public/user-images/collages/imgb7da6a2e.jpg,,cms
c52f1c2c-04db-4165-91a6-9d2b863e5e63,https://qpvuwzztqqeyqxkrnhfr.supabase.co/storage/v1/object/public/user-images/collages/imgb99d7bbf.jpg,,cms
f0e1bb05-0ea1-4ceb-8a73-5979cfe1d068,https://qpvuwzztqqeyqxkrnhfr.supabase.co/storage/v1/object/public/user-images/collages/img2944fd57.jpg,,cms
a904c5c3-eb4a-4b9f-b13c-36c0de7f5538,https://qpvuwzztqqeyqxkrnhfr.supabase.co/storage/v1/object/public/user-images/collages/imgbe9b2ea2.jpg,,cms
bb614242-b131-4e68-ab00-c31bd1dc2316,https://qpvuwzztqqeyqxkrnhfr.supabase.co/storage/v1/object/public/user-images/collages/imge36b7f94.jpg,,cms
4727c8c1-5b88-43db-859e-c31c4945fd30,https://qpvuwzztqqeyqxkrnhfr.supabase.co/storage/v1/object/public/user-images/collages/img5a374a47.jpg,,cms
84a8458b-7a5e-4d98-ae09-64cc51a16e7e,https://qpvuwzztqqeyqxkrnhfr.supabase.co/storage/v1/object/public/user-images/collages/img42767689.jpg,,cms
ec4c61db-a1ed-4030-a225-0791b1bc8835,https://qpvuwzztqqeyqxkrnhfr.supabase.co/storage/v1/object/public/user-images/collages/imgfd68a30c.jpg,,cms
b4652a3a-517d-4445-a1ca-36620d55cd41,https://qpvuwzztqqeyqxkrnhfr.supabase.co/storage/v1/object/public/user-images/collages/img7f87cf84.jpg,,cms
a967ef01-3db5-46d0-ac4a-dd12368dc5b0,https://qpvuwzztqqeyqxkrnhfr.supabase.co/storage/v1/object/public/user-images/collages/img9752f0d6.jpg,,cms
78394831-de2a-4900-aa9a-598deea5a981,https://qpvuwzztqqeyqxkrnhfr.supabase.co/storage/v1/object/public/user-images/collages/img7225d8ea.jpg,,cms
2c6c94ca-ae9a-4e96-a4d6-30a521addadd,https://qpvuwzztqqeyqxkrnhfr.supabase.co/storage/v1/object/public/user-images/collages/img2640911c.jpg,,cms
dba7f303-74d4-4e9a-b343-18c9e378c0d6,https://qpvuwzztqqeyqxkrnhfr.supabase.co/storage/v1/object/public/user-images/collages/img691aad92.jpg,,cms
8a3ebc62-89c3-48d7-b83a-8e63866948c0,https://qpvuwzztqqeyqxkrnhfr.supabase.co/storage/v1/object/public/user-images/collages/img0075402c.jpg,,cms
71195150-59b2-45c5-98df-6110ab122bf5,https://qpvuwzztqqeyqxkrnhfr.supabase.co/storage/v1/object/public/user-images/collages/imgc27e8295.jpg,,cms
ecaaf1d8-1b59-4d4f-88cc-053f091ad348,https://qpvuwzztqqeyqxkrnhfr.supabase.co/storage/v1/object/public/user-images/collages/img2063b72d.jpg,,cms
2b3b5d87-f188-4181-abea-ee571724b0e2,https://qpvuwzztqqeyqxkrnhfr.supabase.co/storage/v1/object/public/user-images/collages/imgf7855cb8.jpg,,cms
7c6342d5-06fb-47a0-a5bf-c1b2c5124aa6,https://qpvuwzztqqeyqxkrnhfr.supabase.co/storage/v1/object/public/user-images/collages/imgdb755e6a.jpg,,cms
263a5659-9717-4043-9a86-463c6108222f,https://qpvuwzztqqeyqxkrnhfr.supabase.co/storage/v1/object/public/user-images/collages/img330c3b69.jpg,,cms
0b631389-203d-4c4a-8dff-449554e9abfb,https://qpvuwzztqqeyqxkrnhfr.supabase.co/storage/v1/object/public/user-images/collages/img0ee5bb99.jpg,,cms
750c1809-8de0-48f2-a39a-13390d461fc4,https://qpvuwzztqqeyqxkrnhfr.supabase.co/storage/v1/object/public/user-images/collages/imge4c50f53.jpg,,cms
f6e6edb3-213f-4fd8-ae46-8a91362255ab,https://qpvuwzztqqeyqxkrnhfr.supabase.co/storage/v1/object/public/user-images/collages/img34e71a24.jpg,,cms
c8bc8c80-5416-457e-9ae1-1977644ecd07,https://qpvuwzztqqeyqxkrnhfr.supabase.co/storage/v1/object/public/user-images/collages/img47e97697.jpg,,cms
ee86a176-57ed-4532-be2e-b21c068f6aba,https://qpvuwzztqqeyqxkrnhfr.supabase.co/storage/v1/object/public/user-images/collages/img558242ab.jpg,,cms
ac26ce94-8e4d-4587-b92f-9712ae4e3937,https://qpvuwzztqqeyqxkrnhfr.supabase.co/storage/v1/object/public/user-images/collages/img2ff4a65a.jpg,,cms
ff768a7c-1a76-426e-8209-7c9fcef9e201,https://qpvuwzztqqeyqxkrnhfr.supabase.co/storage/v1/object/public/user-images/collages/img9dc5325b.jpg,,cms
8e08c9cd-7b05-48c2-929d-7b1a999da3de,https://qpvuwzztqqeyqxkrnhfr.supabase.co/storage/v1/object/public/user-images/collages/imgfcd0a7cb.jpg,,cms
1227bf15-6a58-423c-8427-52a38d3e1dbc,https://qpvuwzztqqeyqxkrnhfr.supabase.co/storage/v1/object/public/user-images/collages/img926a3eec.jpg,,cms
07f2301d-19ac-4b8b-9545-08e99f4308f4,https://qpvuwzztqqeyqxkrnhfr.supabase.co/storage/v1/object/public/user-images/collages/img1238a73d.jpg,,cms
a67a0567-4f47-4c23-b721-a86cafcc3947,https://qpvuwzztqqeyqxkrnhfr.supabase.co/storage/v1/object/public/user-images/collages/imgf2872133.jpg,,cms
16b4ec34-9585-4a1a-9cc9-3adab73bc972,https://qpvuwzztqqeyqxkrnhfr.supabase.co/storage/v1/object/public/user-images/collages/img822182d0.jpg,,cms
a209677c-6d5c-490a-8a47-8e6205db4ed5,https://qpvuwzztqqeyqxkrnhfr.supabase.co/storage/v1/object/public/user-images/collages/imgd652e9ef.jpg,,cms
08642e5e-81b4-4e6e-ad03-d9ef0d82ad0c,https://qpvuwzztqqeyqxkrnhfr.supabase.co/storage/v1/object/public/user-images/collages/img7d82a75a.jpg,,cms
edec8f97-9558-4d6d-949e-69877a1294e1,https://qpvuwzztqqeyqxkrnhfr.supabase.co/storage/v1/object/public/user-images/collages/imgf3ee61b4.jpg,,cms
ca9af5e7-984f-4582-8ebc-e885e9a60255,https://qpvuwzztqqeyqxkrnhfr.supabase.co/storage/v1/object/public/user-images/collages/imge2ce9d2c.jpg,,cms
06b3407e-2644-4fd2-ab0e-427a46510363,https://qpvuwzztqqeyqxkrnhfr.supabase.co/storage/v1/object/public/user-images/collages/imgff3b21b1.jpg,,cms
0a22437b-4c86-4f85-a25c-bf5e32a1377b,https://qpvuwzztqqeyqxkrnhfr.supabase.co/storage/v1/object/public/user-images/collages/img329062fc.jpg,,cms
8eea984c-3d8b-4dfe-aac7-3dcd77ab15ce,https://qpvuwzztqqeyqxkrnhfr.supabase.co/storage/v1/object/public/user-images/collages/img505777c4.jpg,,cms
228e8418-cec5-4453-8b7b-aea5b69f5787,https://qpvuwzztqqeyqxkrnhfr.supabase.co/storage/v1/object/public/user-images/collages/img8ac56d02.jpg,,cms
5caed5ae-be87-48a9-9d3c-b28f8c0813c3,https://qpvuwzztqqeyqxkrnhfr.supabase.co/storage/v1/object/public/user-images/collages/img5f6069b2.jpg,,cms
f2a8fe79-65e4-427a-8d3a-a33c87d8caed,https://qpvuwzztqqeyqxkrnhfr.supabase.co/storage/v1/object/public/user-images/collages/imga8db2144.jpg,,cms
0599aab7-7b63-46b7-baad-fa5a92a63d1a,https://qpvuwzztqqeyqxkrnhfr.supabase.co/storage/v1/object/public/user-images/collages/img18804d27.jpg,,cms
e56c69e7-683d-4ff1-9008-e1896de6b5d0,https://qpvuwzztqqeyqxkrnhfr.supabase.co/storage/v1/object/public/user-images/collages/img9c3a54c6.jpg,,cms
886b5da2-3d02-443d-8fde-ada770138c99,https://qpvuwzztqqeyqxkrnhfr.supabase.co/storage/v1/object/public/user-images/collages/img45766325.jpg,,cms
8b910634-ec4e-4314-8b70-b383ac3e08c8,https://qpvuwzztqqeyqxkrnhfr.supabase.co/storage/v1/object/public/user-images/collages/img4d096ced.jpg,,cms
d028879b-fb79-42f2-af7a-500bec38da8b,https://qpvuwzztqqeyqxkrnhfr.supabase.co/storage/v1/object/public/user-images/collages/imgf1a3a581.jpg,,cms
3622af88-4b06-4ebf-a701-028cf8749cdb,https://qpvuwzztqqeyqxkrnhfr.supabase.co/storage/v1/object/public/user-images/collages/img03e4e2d0.jpg,,cms
5c66b99c-ec34-406f-aee0-6b82874a464c,https://qpvuwzztqqeyqxkrnhfr.supabase.co/storage/v1/object/public/user-images/collages/imgc9ec4a11.jpg,,cms
067cfe80-f8e7-4f87-8cf8-a9989428fb79,https://qpvuwzztqqeyqxkrnhfr.supabase.co/storage/v1/object/public/user-images/collages/img8c08c7f6.jpg,,cms
017a9729-cd9f-4b67-aba4-c7c04566abc5,https://qpvuwzztqqeyqxkrnhfr.supabase.co/storage/v1/object/public/user-images/collages/imga655917b.jpg,,cms
5d2cf3fe-c690-4b03-8100-3a689c6b57bc,https://qpvuwzztqqeyqxkrnhfr.supabase.co/storage/v1/object/public/user-images/collages/img2c2381a4.jpg,,cms
81aaede7-d396-4c69-b0e5-6d97138ee24c,https://qpvuwzztqqeyqxkrnhfr.supabase.co/storage/v1/object/public/user-images/collages/img9276dc0d.jpg,,cms
f757e51e-44f5-472a-bd48-5af1ec4d6e64,https://qpvuwzztqqeyqxkrnhfr.supabase.co/storage/v1/object/public/user-images/collages/img2284f5d2.jpg,,cms
6de754ba-c329-45cf-9719-41002980f943,https://qpvuwzztqqeyqxkrnhfr.supabase.co/storage/v1/object/public/user-images/collages/img3a9a1f2f.jpg,,cms
552a59ff-bde0-451b-97b1-acde1e7b690b,https://qpvuwzztqqeyqxkrnhfr.supabase.co/storage/v1/object/public/user-images/collages/img7ec02daa.jpg,,cms
661542a3-12b8-44df-a1d3-b97a664625a6,https://qpvuwzztqqeyqxkrnhfr.supabase.co/storage/v1/object/public/user-images/collages/img6796669b.jpg,,cms
4fec6e89-e160-4e88-846e-15a340c949cc,https://qpvuwzztqqeyqxkrnhfr.supabase.co/storage/v1/object/public/user-images/collages/img527df176.jpg,,cms
8a9fbd6b-587b-47a1-82fb-80a3deb67e11,https://qpvuwzztqqeyqxkrnhfr.supabase.co/storage/v1/object/public/user-images/collages/imge4c414f5.jpg,,cms
939385b1-0f2b-423b-9190-98f1c7f323ea,https://qpvuwzztqqeyqxkrnhfr.supabase.co/storage/v1/object/public/user-images/collages/imga90a278d.jpg,,cms
3b7e8c35-e978-44fb-9b87-c64f8ee560fb,https://qpvuwzztqqeyqxkrnhfr.supabase.co/storage/v1/object/public/user-images/collages/img1613d153.jpg,,cms
ee66e7ef-1344-4fa8-9ca4-cf020d8cd67f,https://qpvuwzztqqeyqxkrnhfr.supabase.co/storage/v1/object/public/user-images/collages/img50358e62.jpg,,cms
4a6f23d6-73f7-439b-9904-db3e42cb3e8e,https://qpvuwzztqqeyqxkrnhfr.supabase.co/storage/v1/object/public/user-images/collages/imgb07dc194.jpg,,cms
a29c0aab-a8ba-4fcc-82b9-f1d1cc04e23f,https://qpvuwzztqqeyqxkrnhfr.supabase.co/storage/v1/object/public/user-images/collages/img66aea6d4.jpg,,cms
71c07c32-340e-4a6b-8410-9a097c6dea6c,https://qpvuwzztqqeyqxkrnhfr.supabase.co/storage/v1/object/public/user-images/collages/imgcac92cdb.jpg,,cms
56852e6e-2c60-4272-8ec3-0e9f38da8440,https://qpvuwzztqqeyqxkrnhfr.supabase.co/storage/v1/object/public/user-images/collages/img0641f664.jpg,,cms
c472914f-d590-47aa-b39e-2c6f6e41afce,https://qpvuwzztqqeyqxkrnhfr.supabase.co/storage/v1/object/public/user-images/collages/imgf8a0b755.jpg,,cms
39cb0150-4d84-4d00-8866-c08cd3bb226c,https://qpvuwzztqqeyqxkrnhfr.supabase.co/storage/v1/object/public/user-images/collages/img1093f4dc.jpg,,cms
c4378b21-7ab7-4260-a984-3b4b82916ee2,https://qpvuwzztqqeyqxkrnhfr.supabase.co/storage/v1/object/public/user-images/collages/imgc2e4fa02.jpg,,cms
8de7412d-7ffd-497e-b2f5-736f71c68a58,https://qpvuwzztqqeyqxkrnhfr.supabase.co/storage/v1/object/public/user-images/collages/img29915ffb.jpg,,cms
c2757032-c778-41a8-8040-81de5354fb8c,https://qpvuwzztqqeyqxkrnhfr.supabase.co/storage/v1/object/public/user-images/collages/img8e0c7280.jpg,,cms
b8a40fd7-ff2e-4ec5-9daf-8a1b31d398cf,https://qpvuwzztqqeyqxkrnhfr.supabase.co/storage/v1/object/public/user-images/collages/img1e15a3e1.jpg,,cms
feeda48a-18f0-4e19-9d1b-9778fe61a9fd,https://qpvuwzztqqeyqxkrnhfr.supabase.co/storage/v1/object/public/user-images/collages/img662e9031.jpg,,cms
ffd2895e-f6b1-489b-a61c-1795ad9c1e67,https://qpvuwzztqqeyqxkrnhfr.supabase.co/storage/v1/object/public/user-images/collages/img6683f355.jpg,,cms
213bd63f-f795-431a-8903-df64478727e4,https://qpvuwzztqqeyqxkrnhfr.supabase.co/storage/v1/object/public/user-images/collages/imgfeb5027a.jpg,,cms
45bdc6d7-65ba-46b4-b5d2-8e2ae239fa1d,https://qpvuwzztqqeyqxkrnhfr.supabase.co/storage/v1/object/public/user-images/collages/imge2d20731.jpg,,cms
3f45cef6-44eb-485c-bc2a-21838a347f1d,https://qpvuwzztqqeyqxkrnhfr.supabase.co/storage/v1/object/public/user-images/collages/img70135b24.jpg,,cms
a5e60e46-fd92-4137-8f2c-cada335e101f,https://qpvuwzztqqeyqxkrnhfr.supabase.co/storage/v1/object/public/user-images/collages/img8cbc4a2c.jpg,,cms
40ed82e2-82f2-492f-b10e-253e05137ac5,https://qpvuwzztqqeyqxkrnhfr.supabase.co/storage/v1/object/public/user-images/collages/img2731e156.jpg,,cms
ab80c9c6-4f15-49cc-a7ee-17f4227e7fd2,https://qpvuwzztqqeyqxkrnhfr.supabase.co/storage/v1/object/public/user-images/collages/img9ad33565.jpg,,cms
4067e33c-d083-40f8-9e69-04836cd39f2d,https://qpvuwzztqqeyqxkrnhfr.supabase.co/storage/v1/object/public/user-images/collages/img3d1d5465.jpg,,cms
4ef89aa5-7230-4688-85d2-8856efeb9d8f,https://qpvuwzztqqeyqxkrnhfr.supabase.co/storage/v1/object/public/user-images/collages/img617f23cd.jpg,,cms
9cdb80a2-f15e-4b49-a161-db83988c1fb3,https://qpvuwzztqqeyqxkrnhfr.supabase.co/storage/v1/object/public/user-images/collages/img90bea334.jpg,,cms
4b5b62c7-9c4a-4ab7-a8f0-7494b9b6058e,https://qpvuwzztqqeyqxkrnhfr.supabase.co/storage/v1/object/public/user-images/collages/img5a643108.jpg,,cms
3b51a187-b88b-472c-90d3-1849913a07f4,https://qpvuwzztqqeyqxkrnhfr.supabase.co/storage/v1/object/public/user-images/collages/img7af51add.jpg,,cms
5f661c89-8e20-4cd8-a39d-71bc816dac07,https://qpvuwzztqqeyqxkrnhfr.supabase.co/storage/v1/object/public/user-images/collages/img306016c3.jpg,,cms
3391ca24-22a8-4b11-a9dc-09b96b18cc38,https://qpvuwzztqqeyqxkrnhfr.supabase.co/storage/v1/object/public/user-images/collages/img4b998373.jpg,,cms